date,AMZN,AAPL,MSFT,GM,SPX
2022-06-22,0.002484357747515542,-0.0038271877529992837,-0.0024040356270198515,0.005821078431372584,-0.0013015334188627437
2022-06-23,0.03203304268012852,0.021573697820465476,0.022636589894520665,0.004873591227535945,0.009532193760987795
2022-06-24,0.03575240128068291,0.024517248860924212,0.03414973344665051,0.05547135495604727,0.03056329085577736
2022-06-27,-0.02782071097372485,0.0,-0.010496824803884919,-0.005456634118322756,-0.002973101484249896
2022-06-28,-0.05140434552199247,-0.029789637159395754,-0.03174902789837275,-0.018481085763788596,-0.02014302160708281
2022-06-29,0.014152700186219613,0.013023864959254894,0.014737991266375428,-0.015887025595763382,-0.000711753084481459
2022-06-30,-0.024880646345942004,-0.018027723910076787,-0.013179128563743925,-0.05052316890881914,-0.008759227302603145
2022-07-01,0.0315412861312494,0.01616442363955528,0.010707471868551144,0.013539042821158587,0.010553762105785847
2022-07-05,0.035962029937933515,0.018930396602605537,0.012597272517143265,0.005591798695246952,0.0015841770513915776
2022-07-06,0.007312775330396537,0.009607233681830918,0.012782956058588368,-0.03398208217485321,0.0035731157621645693
2022-07-07,0.017493221376716495,0.023999440246291748,0.008226588032004711,0.044451551007355095,0.014964578110208349
2022-07-08,-0.006791025530817452,0.004714724974376416,-0.002757078986587058,-0.010716472749540573,-0.0008302114989416909
2022-07-11,-0.03280249264324053,-0.014757889009793135,-0.0117686617350371,-0.04456824512534818,-0.011527473598367033
2022-07-12,-0.022639821029082796,0.006833712984054774,-0.04098143737476845,0.02137998056365409,-0.009243908956706903
2022-07-13,0.01080388207288041,-0.002536679007267284,-0.0037450230614577418,0.00602600697748179,-0.004456897454697795
2022-07-14,0.002083333333333215,0.020482507388823956,0.005381449825894391,-0.004098360655737654,-0.00299859539478875
2022-07-15,0.02639428726385251,0.011450124604297063,0.010390428211586977,0.04051915163026276,0.019201241036518768
2022-07-18,0.001849405548216776,-0.020643270959579074,-0.00962137737612978,-0.0076057195010648115,-0.008363619420370894
2022-07-19,0.03911744022503516,0.02672196913034619,0.02076696165191727,0.05456774984671986,0.027628333137554417
2022-07-20,0.038575416631418724,0.013509933774834337,0.010557546333757273,0.010465116279069653,0.005895816028186118
2022-07-21,0.015150281013276867,0.015094093047569368,0.009799062035307005,0.010644418872267192,0.009861360135356989
2022-07-22,-0.017732488164968307,-0.00811071773414862,-0.016915873735085185,-0.01309422146313699,-0.009332449768064022
2022-07-25,-0.010455807874530265,-0.007398273736128336,-0.005876478721769995,-0.004326507066628182,0.0013151152429682345
2022-07-26,-0.05225359088657755,-0.008826413860738791,-0.026774330641733846,-0.03418308227114719,-0.011543193070554847
2022-07-27,0.05365386290392826,0.03423482849604231,0.0668519253672093,0.04019196160767824,0.026156259165274642
2022-07-28,0.0108291311895512,0.0035716563556349445,0.02854059685941812,0.030565167243367997,0.012133382708562568
2022-07-29,0.10361465489041533,0.032793136320305116,0.015665135125357166,0.014549524342473363,0.014207733466259809
2022-08-01,0.003260466839570153,-0.006153467478924424,-0.009724300064116287,0.014065085493657037,-0.0028230463236237346
2022-08-02,-0.009084865942831755,-0.009287350628444102,-0.011474407395417385,-0.017405493608920297,-0.006662409587654183
2022-08-03,0.03995229576624926,0.03824760952440465,0.027836402008587502,0.03265983946858575,0.015638481713144525
2022-08-04,0.021860665137614532,-0.0019262023716366539,0.0041774347718339655,-0.028946663093004754,-0.0007773448499099889
2022-08-05,-0.012414954057655803,-0.0027742596948314713,-0.0026088489335447385,-0.004692243996687662,-0.0016257460367924415
2022-08-08,-0.009872159090909216,-0.002902933172059252,-0.009154854900851994,0.04159733777038266,-0.0012375789770792123
2022-08-09,-0.0113334767950648,0.0003032692424334016,0.007063356164383583,-0.0250266240681577,-0.004248730694724312
2022-08-10,0.03526082855691781,0.026194518554450763,0.024300389656394028,0.03631895139268182,0.021290634013103604
2022-08-11,-0.01436680916672517,-0.004431576459465902,-0.007400746991285234,0.013438735177865535,-0.0007054229687617486
2022-08-12,0.020691126279863692,0.021425603893405976,0.017037140268970852,0.026521060842433553,0.01732239670855429
2022-08-15,-0.0025774991292233373,0.006333527019174889,0.005344112911513932,-0.0020263424518742745,0.00396948705068767
2022-08-16,0.011174745076127923,-0.0009238408684103527,-0.002589702524960158,-0.010406091370558257,0.0018756661407353103
2022-08-17,-0.018510844039231977,0.008784603825926274,-0.004748727409381259,-0.01513208515003861,-0.0072377589891293725
2022-08-18,0.0014074595355384467,-0.0022916069894013402,-0.003947549086914637,0.008333333333333304,0.0022695154935377104
2022-08-19,-0.028601546029515257,-0.01510192362905538,-0.013853947685839474,0.025309917355371914,-0.012899942573545653
2022-08-22,-0.03624394125732466,-0.023029384328358327,-0.029355233269264258,-0.028967254408060583,-0.021400124867564707
2022-08-23,0.003002552169343975,-0.002029002804798008,-0.004716471647164711,0.0002594033722440603,-0.0022378014446627903
2022-08-24,0.0013471037269869868,0.0017939364946482073,-0.0023513239762695815,0.01789419087136923,0.0029161509713642175
2022-08-25,0.026008968609865457,0.014922700411866607,0.011095398672903212,0.02904458598726123,0.014091582000449021
2022-08-26,-0.04756701631701632,-0.037699229547726865,-0.038587053971669505,-0.028719980193117167,-0.033688010821315006
2022-08-29,-0.00734225621414919,-0.01369025791468037,-0.010668059233839178,0.007137394850879497,-0.0066664037893761074
2022-08-30,-0.0081670390631019,-0.015305490147477951,-0.008520906383139182,-0.00961781827385455,-0.011028107408059928
2022-08-31,-0.015225666122892778,-0.010634950600969084,-0.005704072707913399,-0.023511372348581694,-0.007817046982559583
2022-09-01,0.008282716731087714,0.004706780307848879,-0.004092247676597882,0.009159905783826305,0.002996207332490508
2022-09-02,-0.0024252855578156263,-0.01361104076981523,-0.016666666666666607,-0.002334024896265663,-0.010736478566116592
2022-09-06,-0.010979531017175193,-0.008215133816828146,-0.010973990470983352,0.006238627501949701,-0.004095039574340209
2022-09-07,0.026722702402664167,0.009253866563126989,0.01911154985192498,0.03616636528028927,0.018340971140093032
2022-09-08,0.002625888168056978,-0.009617850730956667,0.0016660854740595532,0.00972326103216159,0.006610768693449787
2022-09-09,0.026575258049607253,0.01883982908196291,0.022976945690855732,0.019506172839506064,0.015271405678227268
2022-09-12,0.023861334133713274,0.038507974836372805,0.008281025485895821,0.01840639379995146,0.01058426104401855
2022-09-13,-0.07057530230853792,-0.058679556996879434,-0.05497843615225939,-0.036147443519619404,-0.043236562775976095
2022-09-14,0.013641381485570259,0.00955538221528851,0.0009127346323265506,0.0022205773501109416,0.0033869946525153516
2022-09-15,-0.01765849863866209,-0.018929882171141554,-0.02711918166679883,0.000984736582964052,-0.011317761485652666
2022-09-16,-0.021777003484320545,-0.010960162761698644,-0.002608199527263766,-0.016969995081160816,-0.007182129262947479
2022-09-19,0.009147575487735704,0.02508294625082952,-0.0008989131323036137,0.03552664498373792,0.006857148758303566
2022-09-20,-0.01981389379111187,0.015665458311755698,-0.008465565188941704,-0.0562937907707175,-0.011272112803181633
2022-09-21,-0.029871511580325638,-0.020267686424474185,-0.014435966178593551,-0.03533026113671278,-0.017116493297336777
2022-09-22,-0.010376244305719595,-0.006375227686703067,0.008495501150868279,-0.007961783439490389,-0.008427596288058115
2022-09-23,-0.03009121132043302,-0.015123739688359339,-0.012698149224002031,-0.05082932049224198,-0.01723261637204987
2022-09-26,0.01204078045350676,0.002260187462607144,-0.0019754539340954835,-0.012401352874858995,-0.010340542018774879
2022-09-27,-0.0064264003473730735,0.006566293029117043,-0.004379869446199169,-0.009417808219178037,-0.0021203598319033956
2022-09-28,0.03146578096320263,-0.01265155508697935,0.019711518125290706,0.015557476231633505,0.019672140136923533
2022-09-29,-0.027201084653842966,-0.04911906033101987,-0.014808976645787508,-0.05645390070921996,-0.021126419721218426
2022-09-30,-0.015679442508710784,-0.030039303761931535,-0.01936842105263159,-0.0351773902585687,-0.01506673588849794
2022-10-03,0.02548672566371679,0.030752532561505008,0.033662516101331086,0.02430663758180107,0.025883947546031072
2022-10-04,0.04496030376251303,0.025623025623025653,0.03381241173049765,0.08913903255247946,0.030583700111188827
2022-10-05,-0.001156164836072393,0.002053388090349051,0.0012857602057216866,-0.02681564245810042,-0.0020179744811957834
2022-10-06,-0.005374121537825571,-0.006625683060109244,-0.009670947030497534,-0.006027554535017243,-0.010245078344716774
2022-10-07,-0.04771404821280134,-0.03671869627999724,-0.05085295190242711,-0.029165463470979036,-0.028003589245083504
2022-10-10,-0.007768854748603338,0.0023556285245198705,-0.02130293715846998,-0.039559785841760786,-0.007492458086744369
2022-10-11,-0.012844198117357375,-0.010254949437402017,-0.01675027262813522,-0.006193868070609954,-0.006519229651283376
2022-10-12,0.006149184564655741,-0.004604979133688181,0.0015083625393728095,0.003427859146151402,-0.0032907569019515748
2022-10-13,-0.003277236492471247,0.03361283793552117,0.03760797342192701,0.017391304347825987,0.025965675434648228
2022-10-14,-0.050031102817026496,-0.03224001678439059,-0.02424863387978149,0.003968253968253954,-0.023662705624933444
2022-10-17,0.06445275958840035,0.029122705593293885,0.03924571228561424,0.020674977196716293,0.026480085513260976
2022-10-18,0.022585464452060666,0.009409451583456185,0.004083694691196849,0.02025618111409,0.011427561549232745
2022-10-19,-0.011086283946373343,0.000765217391304418,-0.008469601677148941,-0.01810218978102185,-0.006672078882144605
2022-10-20,0.0015642652298601956,-0.0032670652022801505,-0.0013954668470905762,-0.005649717514124464,-0.007950941231232078
2022-10-21,0.03531453362255954,0.027059069670130498,0.02528054202837171,0.046650717703349276,0.023724828003862664
2022-10-24,0.004190412336573912,0.014802743260677431,0.021187840740128916,0.020571428571428463,0.011881953234294862
2022-10-25,0.006509764646970506,0.019337571094011574,0.013791708796764501,0.036114221724524054,0.01626664981276371
2022-10-26,-0.04096185737976776,-0.019627149796507926,-0.07715630734859968,0.022966765738989592,-0.007387713747470381
2022-10-27,-0.04063634791630644,-0.030465349849347012,-0.01975618191250217,0.007923930269413626,-0.006082598026418751
2022-10-28,-0.06804253785147796,0.07555248618784538,0.040220507166482955,0.018081761006289332,0.024626375646783716
2022-10-31,-0.009380137317474113,-0.015410299216643164,-0.01585619197015309,0.01029601029601035,-0.007454384193014141
2022-11-01,-0.0551542366263178,-0.017542715534107245,-0.017059406367121888,0.002547770700636942,-0.00410126085362017
2022-11-02,-0.048248786031614865,-0.037305011616329264,-0.035368365692246995,-0.021092757306226173,-0.025001944970306722
2022-11-03,-0.030612244897959218,-0.04240501965110666,-0.02657882780554288,-0.0002596053997924175,-0.010585979163175718
2022-11-04,0.01881298992161251,-0.0036002304147465525,0.033325554259043155,0.012723967800571279,0.013618682272863003
2022-11-07,-0.004946142009232823,0.0039022980199450163,0.029269614707078118,0.010000000000000009,0.00961398204505981
2022-11-08,-0.0060753341433779084,0.004175064785488125,0.004388467108439098,-0.00863163239400877,0.005597877482399927
2022-11-09,-0.042676150255612444,-0.03318996415770603,-0.019050115786254262,-0.025352112676056193,-0.020777877333723382
2022-11-10,0.12177850011609004,0.08897456810261728,0.08226805042091656,0.04414083026799798,0.05543447234545429
2022-11-11,0.04305081237710873,0.019268741063525496,0.01699728372705578,0.03472571716155004,0.009240793960120008
2022-11-14,-0.022819724178986145,-0.009485637942551639,-0.022500101169519615,-0.028939688715953205,-0.008935794015923149
2022-11-15,0.0045689917758149345,0.011869436201780381,0.0017387704409024263,0.007763586275983059,0.008713121485880437
2022-11-16,-0.018394986860723606,-0.008331111703545724,-0.0009918584948547249,-0.04398608349900601,-0.008252061136399536
2022-11-17,-0.02337314662273482,0.012971301834800775,-0.00020684234476475716,0.004419027813880927,-0.003089327799655983
2022-11-18,-0.007485503426462814,0.003781847133757843,-0.0019033432638199121,0.029244306418219512,0.004758574556069206
2022-11-21,-0.017845761631612556,-0.02168021680216803,0.0034408423845453395,-0.006286145335680171,-0.0038836518432215916
2022-11-22,0.008003460956089281,0.01466117154246338,0.012311505887213414,0.011386639676113308,0.013579953113211918
2022-11-23,0.00997854077253213,0.005926221867092796,0.010406888952373183,0.003502626970227629,0.0059147063378277576
2022-11-25,-0.007648996069265945,-0.019593565896604104,-0.0003635188625898955,0.008726003490401535,-0.0002830708720074071
2022-11-28,0.005780965635371116,-0.02626426304773488,-0.0231524506040649,-0.026693030153237762,-0.01544414970244301
2022-11-29,-0.01628525811601922,-0.021148245735681637,-0.005914956982130959,0.009395632300660095,-0.0015918505325509535
2022-11-30,0.044579095433888716,0.04859389388680335,0.061623600882120266,0.02037735849056599,0.030947814727501077
2022-12-01,-0.01077273668945522,0.0018915084780111169,-0.0017637375558516855,-0.0032051282051283048,-0.0008676236670089876
2022-12-02,-0.014345549738219998,-0.003371316836356275,0.0012956928030154469,-0.01310907741775913,-0.0011946317615054713
2022-12-05,-0.03314564963348554,-0.007983221703538379,-0.01890047839385156,-0.02781954887218041,-0.017894245646781326
2022-12-06,-0.03032633776508087,-0.025369978858350906,-0.020303756994404454,-0.019850476927043004,-0.014399175760970717
2022-12-07,0.0023796033994334387,-0.013784899587152788,-0.0030597258485639545,-0.0015781167806417917,-0.001862348589029894
2022-12-08,0.021365588966764548,0.012132822477650018,0.012399230674796424,0.006322444678609207,0.007521759466384781
2022-12-09,-0.013945766463752007,-0.003434980722047065,-0.008003233629749418,0.0020942408376962707,-0.007349546235533633
2022-12-12,0.016387922325737936,0.01638998311761397,0.028889251079781575,0.005485893416927956,0.014279251114533986
2022-12-13,0.021424627277746966,0.006782476295937423,0.017464654865154028,0.007274616783580212,0.007289703700733785
2022-12-14,-0.00983890150286515,-0.015535849316010153,0.0011676786548342477,-0.010575187000258057,-0.006052765788066128
2022-12-15,-0.03417776807163131,-0.04685426995321562,-0.031918202317082756,-0.01929092805005217,-0.024921658340258168
2022-12-16,-0.00667043527416622,-0.014578754578754682,-0.01734870085538731,-0.03907496012759171,-0.011137778348199956
2022-12-19,-0.03346232642840885,-0.015909597799420028,-0.017328047733867424,-0.02019363762102344,-0.009007465553582783
2022-12-20,0.0031794630240224997,-0.0005288207297725611,0.005614472863381348,-0.006211180124223614,0.0010372846193742458
2022-12-21,0.01854677779082059,0.023809523809523725,0.010876757650951197,0.019886363636363535,0.014868040255179737
2022-12-22,-0.03434366716607107,-0.023772609819121437,-0.025528781246164534,-0.06601671309192192,-0.014451686760656446
2022-12-23,0.017424513665114993,-0.002798154730393798,0.0022670976951173483,0.008947211452430492,0.005868056373107056
2022-12-27,-0.02592375366568911,-0.013878355831943079,-0.007414233653080804,-0.015075376884422065,-0.004049604402806883
2022-12-28,-0.014691714836223668,-0.030685226486195427,-0.010254895340985892,-0.02370948379351734,-0.01202063067180259
2022-12-29,0.028843803471034102,0.02832434147889562,0.027629727540186666,0.03504457423916385,0.017461316021801565
2022-12-30,-0.002138275124732747,0.0024689452974306914,-0.004937554458321225,-0.0008910008910009148,-0.0025407348906808513
2023-01-03,0.0216666666666665,-0.03740475640729635,-0.001000750562922148,0.005350772889417321,-0.004000520901158988
2023-01-04,-0.00792356094150537,0.010314224034540631,-0.04374321729693642,0.025724423418095776,0.00753894993384141
2023-01-05,-0.023725628376791152,-0.010604621715732843,-0.02963771278917504,0.008936292879792473,-0.01164556173549236
2023-01-06,0.03561116458132818,0.03679411294192936,0.01178534478880855,0.0259999999999998,0.02284078674404566
2023-01-09,0.014869888475836479,0.004088875173584361,0.009736362423865108,0.0002784739626846555,-0.0007676350678290644
2023-01-10,0.02873168498168499,0.004456396465616574,0.007617118703768799,0.03312917594654774,0.006978255898501873
2023-01-11,0.058083898965171965,0.0211122160177466,0.030238147258029313,0.019132309350579302,0.012849397206098123
2023-01-12,0.0018929435271846096,-0.0005992958274029236,0.011621495525300007,0.013484928609201363,0.00341595270064321
2023-01-13,0.029914978482208587,0.01011918147065427,0.0030187413525637474,-0.04748238977302377,0.003996816605869258
2023-01-17,-0.021096616388096234,0.008756307509646843,0.0046816870793797705,0.0027389756231170903,-0.0020304619300891558
2023-01-18,-0.006142634044768336,-0.005370016183610327,-0.0188891200332848,-0.004643540016389003,-0.01556263264319191
2023-01-19,-0.018646553530274335,0.0004437541601953754,-0.016453924769941897,-0.019484083424807896,-0.007638348019527341
2023-01-20,0.038108454312553386,0.019220817624011177,0.035743543310481574,-0.010635320458997954,0.01891839901509429
2023-01-23,0.0027763496143957678,0.023500398926525,0.009824327699608837,0.030834512022630767,0.011881357596139619
2023-01-24,-0.012305168170631653,0.010063071362766518,-0.0022260697501855775,-0.006586169045005308,-0.0007114764130643492
2023-01-25,0.008928571428571619,-0.00470076475128034,-0.005908114361262484,0.0033149171270716593,-0.00018172991946630024
2023-01-26,0.020991973657131124,0.014803327224023555,0.030713602925896533,0.004405286343612147,0.011007863115068517
2023-01-27,0.030437411812134663,0.01368435676576829,0.00064516129032266,0.040296052631579204,0.002494809663015962
2023-01-30,-0.016529733959311455,-0.020078119646405823,-0.021961637653126975,-0.04374176548089603,-0.012968731575016657
2023-01-31,0.025658876181004375,0.00902097902097898,0.021012731243047256,0.08349407550289345,0.014642450911824145
2023-02-01,0.019586929118588392,0.00790075542310631,0.019934627335458588,-0.0005086469989827869,0.010452337732424155
2023-02-02,0.0737993342843557,0.03706250429760005,0.04688427299703268,0.055979643765903475,0.01469942051995421
2023-02-03,-0.08431494110353377,0.024399946956637164,-0.02362055933484508,-0.008915662650602396,-0.010354661511665864
2023-02-06,-0.011703259502853225,-0.017928802588996873,-0.006115734468744138,0.0051057622173595885,-0.006140486597300043
2023-02-07,-0.0006850655705618047,0.019244710999802406,0.04202204307356783,0.0014513788098693414,0.01287252984617182
2023-02-08,-0.020174321809812934,-0.017652764306498647,-0.003102107938406262,0.004106280193236778,-0.011080691642651352
2023-02-09,-0.018090954522738678,-0.006911532385465935,-0.01165973081393179,0.0014433485686793368,-0.008829829085981511
2023-02-10,-0.006412866449511334,0.0009279512162787551,-0.001972536226386379,-0.0067259188085515564,0.0021952713463186946
2023-02-13,0.019772564286446137,0.018806701542944282,0.03124287343215504,0.016203143893591232,0.011448590134117032
2023-02-14,0.0016073940124572417,-0.00422489437764062,0.0031328320802006537,0.009757258448357842,-0.0002803767683676739
2023-02-15,0.014643931795386145,0.013903394255874835,-0.010471396553624612,0.012255479613481057,0.0027731236687436045
2023-02-16,-0.02975484381178317,-0.010429408356402492,-0.02662260507945946,0.0034924330616996624,-0.01378869707782826
2023-02-17,-0.009679062659195159,-0.0075466788107474425,-0.015601754720579675,0.0016241299303945134,-0.0027674487398573477
2023-02-21,-0.026954732510288126,-0.02667977712225511,-0.020886615515771534,-0.047255038220986756,-0.020041234687148357
2023-02-22,0.01279340241065774,0.002896012931034475,-0.004590968456880451,-0.005835156819839593,-0.0015735464083616035
2023-02-23,0.00031318509238942305,0.003290578201598393,0.012961711263965725,-0.040107605771582344,0.0053294245875146196
2023-02-24,-0.024212064287205126,-0.01800535475234266,-0.021784354515837823,-0.0017834394904459039,-0.010537544363360851
2023-02-27,0.0027807486631017397,0.008247563219957676,0.003771767915897506,0.0033180193976518613,0.0030730168965551474
2023-02-28,0.005012798634812299,-0.0034478096268252267,-0.0029581068116405485,-0.014500127194098211,-0.0030359797500902896
2023-03-01,-0.021861402950228204,-0.014245980598331154,-0.012629299975944086,-0.0005162622612288059,-0.004725262269687613
2023-03-02,-0.00043398068785949206,0.004129103296400816,0.019653226133918178,0.020919421487603396,0.0075821419804169565
2023-03-03,0.030066210789102543,0.0350901240490713,0.01664609135438644,0.03743991904882349,0.0161477890665227
2023-03-06,-0.01211801896733411,0.01853936304045556,0.006189039915390326,-0.013655206047305413,0.0006871595099910977
2023-03-07,-0.0021333333333333204,-0.014496522134824219,-0.010589013898080757,-0.017552533992583497,-0.015326967063694075
2023-03-08,0.003955104222341133,0.008377308707124165,-0.0017706079087154158,0.0005032712632107028,0.001414821002566402
2023-03-09,-0.01778109028960817,-0.014914633348596884,-0.005439495467087108,-0.048792756539235316,-0.018459372596762003
2023-03-10,-0.016476964769647662,-0.01387874360847341,-0.014782815472415889,-0.03437334743521936,-0.014478143694236278
2023-03-13,0.018736911716080717,0.013265993265993314,0.021440926827305917,-0.020810514786418488,-0.0015097408062482165
2023-03-14,0.02650654549388709,0.014089187213398136,0.0270557655954633,-0.004474272930648726,0.016476647924144494
2023-03-15,0.013912310286678053,0.0026214037617144914,0.017830438283676475,-0.03567415730337087,-0.006980856226510457
2023-03-16,0.03991683991683992,0.01869403228969202,0.040536467751657534,0.00815613166326834,0.017561980816715783
2023-03-17,-0.010895641743302709,-0.005453962143086244,0.011694424330195519,-0.035538861600693306,-0.01101942286909019
2023-03-20,-0.012531581606872289,0.015483870967742064,-0.02576673943384744,0.0071899340922707555,0.008918358593079878
2023-03-21,0.029679664312762366,0.011944091486658204,0.005693714873452382,0.0440214158239145,0.012982181765728518
2023-03-22,-0.01898419640194804,-0.009103465595178273,-0.0054423259551462655,-0.02991452991453003,-0.01646318766285193
2023-03-23,0.00010131712259364711,0.006969524171577035,0.019721620331264456,-0.009104258443465296,0.002984528711166279
2023-03-24,-0.005875797791510484,0.008305543320958897,0.010480443708132059,-0.000889152341434496,0.0056398022650376856
2023-03-27,-0.0009171507184345673,-0.012293291731669265,-0.014933884592080449,0.021951943043607258,0.0016469444647304599
2023-03-28,-0.008159934720522344,-0.003980288097043205,-0.004160937839206791,-0.006676342525399281,-0.0015738410521103363
2023-03-29,0.030954339777869322,0.019790675547098013,0.019183955237437766,0.04324956165984806,0.014237259113583312
2023-03-30,0.0174563591022443,0.009889904832991236,0.01261987094934236,0.008123249299719859,0.0057152646227105475
2023-03-31,0.012647058823529456,0.015644247351564333,0.01496215455025518,0.01917199222006105,0.014436547571732294
2023-04-03,-0.008519701810436708,0.00770163735597329,-0.003711411723898661,-0.011177753544165614,0.0036989178231867648
2023-04-04,0.015037593984962516,-0.00324968405849424,-0.00017407652404000107,-0.01461262751585335,-0.0057970522559043225
2023-04-05,-0.02741702741702745,-0.011290225200748738,-0.009889268054878553,-0.01818690542809176,-0.0024923181973370845
2023-04-06,0.00949554896142435,0.005495847581827196,0.025532812829710982,-0.01424907381020235,0.003579129567424122
2023-04-10,0.0010777973740936364,-0.015972306571116257,-0.007578875171467936,0.032957502168256436,0.0009963410653295313
2023-04-11,-0.022022119996084943,-0.007591186817256013,-0.022668371401914356,-0.008956059333893096,-4.137148920324574e-05
2023-04-12,-0.020916733386709407,-0.0043532338308458485,0.0023335572605451826,-0.022310081897768952,-0.004134886369720592
2023-04-13,0.04671368700807532,0.034103685196752,0.02239937916681356,-0.0025996533795492605,0.013262625398648753
2023-04-14,0.0010742187499999112,-0.0021140372070548308,-0.012765663814518269,-0.0011584129742252536,-0.0020693547375681964
2023-04-17,0.0022436835430688085,0.00012105804733364423,0.009296148738379806,0.018846042331110535,0.0033062325383550473
2023-04-18,-0.004282655246252709,0.007504690431519689,-0.0014889196675900163,0.005406943653955443,0.0008551496873283604
2023-04-19,0.019550342130987275,0.006968222502552912,0.0002774213683809368,-0.021228417775261854,-8.423849602978706e-05
2023-04-20,-0.0046979865771811236,-0.005846208912485773,-0.008112324492979606,-0.03007518796992481,-0.005952552882162232
2023-04-21,0.03034389750505717,-0.009780978097809756,-0.001223305721575696,0.00029815146094214207,0.0009031936248575789
2023-04-24,-0.0070119670905011144,0.0018785601745243685,-0.013962765957446832,0.022056631892697576,0.0008515744450250384
2023-04-25,-0.03427172582619342,-0.009435674106332836,-0.022536111012527837,-0.04024496937882771,-0.015810821263512076
2023-04-26,0.02349614897143426,-6.106124442828431e-05,0.07243482680996283,-0.02096627164995435,-0.003841213469789828
2023-04-27,0.04610401981329759,0.028395212506106438,0.03202762636692946,0.015518311607697122,0.019566123190639217
2023-04-28,-0.03979238754325254,0.007541119885992487,0.00797165633303809,0.009779951100244544,0.008253231286347917
2023-05-01,-0.032242769084874445,-0.0005304101838755626,-0.005532773546833236,0.013317191283293006,-0.0003861392787588569
2023-05-02,0.015482606565409007,-0.0061914027949762085,-0.000490901950517042,-0.01194743130226994,-0.011586253889876552
2023-05-03,0.0001929943066680817,-0.006467307464103511,-0.0033070298942406984,-0.01813784764207982,-0.006998286233062534
2023-05-04,0.0033767486734201935,-0.009913406987160367,0.0033180026281209862,-0.02432266009852202,-0.007218725172645657
2023-05-05,0.01596153846153836,0.04692683515290419,0.017157264005762674,0.049542442410855037,0.018474744042430657
2023-05-08,0.0016089343176226567,-0.0004032955003744343,-0.006438113632705633,0.012026458208057589,0.0004521003324267081
2023-05-09,0.0074648020410093,-0.009971181556195918,-0.005345861007613695,-0.01128936423054061,-0.004579374208577791
2023-05-10,0.03348339898705688,0.010420911684228873,0.01729641693811068,-0.006009615384615419,0.004483913021312569
2023-05-11,0.01805971503766224,0.0010947222862409678,-0.0070442829240178195,0.0012091898428052694,-0.0016966193288928677
2023-05-12,-0.017115350329827028,-0.0067913669064748605,-0.0036761149269614046,-0.021739130434782594,-0.0015832974226629437
2023-05-15,0.008525303827317199,-0.0028973749782696956,0.0015859144900798317,-0.0009259259259259967,0.002958235533743192
2023-05-16,0.019784172661870603,0.0,0.007367672720222318,-0.02564102564102555,-0.006377711373504735
2023-05-17,0.01851851851851838,0.003603184750392341,0.007249631102842047,0.02853519340519961,0.011890800262780221
2023-05-18,0.022943722943723044,0.013666106896751407,0.0143949044585987,0.014180024660912505,0.009445100354191105
2023-05-19,-0.016081252644942867,0.0006283918880318762,-0.0005651136506341636,-0.00729483282674781,-0.001445909410321633
2023-05-22,-0.010666666666666602,-0.005480703356930849,0.008921279135515547,0.006123698714023407,0.00015505799168891166
2023-05-23,-0.00017389792191990772,-0.015154994259471755,-0.018432031882433586,0.01704199634814363,-0.011222073018606449
2023-05-24,0.015305678754674368,0.0016320820704127659,-0.004472498889805165,-0.03411131059245964,-0.007318638164020563
2023-05-25,-0.01498929336188437,0.006692271880819334,0.03845786203600454,0.004027261462205667,0.00875769092446621
2023-05-26,0.04443478260869571,0.014104861552690862,0.02138561610211087,0.027152113545202194,0.013048987300302572
2023-05-30,0.012904837232536881,0.010659522316593506,-0.005046712127129149,0.0021027335536196734,1.6645067709930572e-05
2023-05-31,-0.008877198750616433,-0.0002820078962211259,-0.008514235681289839,-0.02847721822541971,-0.006108638170785219
2023-06-01,0.01816221595621159,0.01602256699576876,0.012759219221048168,0.018821351434742617,0.009854467765435526
2023-06-02,0.012055062311639775,0.004775390082736308,0.00847916290817241,0.038158691701998704,0.014534401637518846
2023-06-05,0.008450704225352101,-0.0075711522520032215,0.001610017889087656,-0.004375729288214614,-0.002003563447343426
2023-06-06,0.010454908220271397,-0.0020603630693841746,-0.006727391796154003,0.03252270729563422,0.002353882619408054
2023-06-07,-0.04249269409999201,-0.007756263601361613,-0.030867897386717802,0.027809307604994338,-0.0038119915496573897
2023-06-08,0.02491132557947706,0.01546507704420197,0.0058135939142804904,-0.010215350635008225,0.006188606028794119
2023-06-09,-0.006599597585512984,0.002159827213823018,0.004703929164360909,0.010599721059971978,0.0011481323635922358
2023-06-12,0.025439520375921454,0.015638815207780654,0.015483949937268537,0.012144631520839111,0.009321075820101221
2023-06-13,0.000711068973690443,-0.0026116763697697776,0.007352719602229829,0.026724843196072934,0.006932584761680793
2023-06-14,-0.001894836570345726,0.003491353444983858,0.00912381465194878,-0.007702523240371795,0.0008194076003487094
2023-06-15,0.005457997152349403,0.011198695297635286,0.03189660283393625,0.017933618843683163,0.012178136985173449
2023-06-16,-0.01274486665093233,-0.005859900005376062,-0.01657569663889702,-0.0018406521167499967,-0.0036716193988033385
2023-06-20,0.0023109411108455102,0.0004866969500325613,-0.012502556013203603,-0.01685985247629085,-0.0047351341054383544
2023-06-21,-0.007552870090634434,-0.00567536889897835,-0.013282058867031488,-0.00830653804930337,-0.005245277085977551
2023-06-22,0.0426179604261796,0.016525331593824744,0.018437462525482617,-0.00945690353958395,0.003710753626574581
2023-06-23,-0.006300422589319954,-0.0017112299465240621,-0.013805893261899849,-0.013093289689034338,-0.007658795633847637
2023-06-26,-0.015464316090621044,-0.007553031926290976,-0.019163035042683907,0.014372581536760798,-0.004486779982200151
2023-06-27,0.01452917615644389,0.015059102930857549,0.01816798539257447,0.021253405994550167,0.011455777787018118
2023-06-28,-0.0010837590958353571,0.006327767733701917,0.003825806258779929,0.018943436499466504,-0.00035400978894173374
2023-06-29,-0.008834469931804034,0.001796565389696081,-0.0023820157808546183,0.00026184865147960146,0.004473526683512752
2023-06-30,0.019233776387802992,0.02310248430824413,0.01638561408744965,0.009424083769633551,0.012269017659743087
2023-07-03,-0.0010739490641301641,-0.007784708975614785,-0.007488107123979626,0.010373443983402453,0.0011706865481149187
2023-07-05,0.001228689909384073,-0.005871349890886446,0.00047338678659114564,0.01180698151950721,-0.0019683139606652134
2023-07-06,-0.015493173799662419,0.0025087545079180984,0.009226674552713199,0.0010147133434803557,-0.007922515415510367
2023-07-07,0.011062636335306797,-0.005891246546061213,-0.011867436340727178,0.0038013177901672357,-0.0028651801277997935
2023-07-10,-0.020419170904607875,-0.010855884203901822,-0.015983630864124465,0.0007573844988639777,0.0024051194034939716
2023-07-11,0.012978840556910232,-0.002810031281480274,0.0019286984299191623,0.008324924318869886,0.006742215156717579
2023-07-12,0.015685665476005584,0.008985538068906784,0.014226847535115938,0.011008256192144072,0.007411145100759908
2023-07-13,0.026758409785932802,0.004057543341940084,0.016192170818505547,0.0022271714922050823,0.00847017995778332
2023-07-14,0.0028294862248696706,0.000787236275847647,0.007529329364384552,-0.012345679012345734,-0.001024381158481913
2023-07-17,-0.008316008316008316,0.017305574492632037,0.0014193025141930882,-0.03125,0.003855356437357571
2023-07-18,-0.005465708295896876,-0.0013402752719213762,0.039799843808752566,0.009806451612903277,0.007117288222535212
2023-07-19,0.019046902055258608,0.007071697723636028,-0.012267378786614436,0.002555583950932583,0.0023578588709500803
2023-07-20,-0.039893617021276584,-0.010097385955920024,-0.02312155007322292,0.000764720876879954,-0.006756875147840957
2023-07-21,0.0003077870113881165,-0.00616165277274372,-0.00893706575950648,-0.018084564442180318,0.00032415482692993436
2023-07-24,-0.009230769230769154,0.004220068771491059,0.0038979550280711095,0.01945525291828787,0.004034089155574794
2023-07-25,0.0025621118012422173,0.004513618677042919,0.01700906957202042,-0.03511450381679382,0.002814712029929778
2023-07-26,-0.007589251142259612,0.004544985022208348,-0.0376374722206394,0.009757383966244593,-0.00015544744781559316
2023-07-27,0.0007803355442839166,-0.006580976863753252,-0.020872191135979934,0.017759206059023258,-0.006424700279192064
2023-07-28,0.03087719298245628,0.013507918434944699,0.023131349782293142,-0.023607903515524775,0.009877881875342887
2023-07-31,0.011118674835489006,0.0031660113363629616,-0.007240594615361862,0.008409986859395646,0.0014687171966489831
2023-08-01,-0.01488629563135857,-0.004275897174853549,0.0012502976899260165,-0.006515506906437318,-0.0026650918726683903
2023-08-02,-0.026425696711975033,-0.015490005623434389,-0.026282927989534355,-0.01915005246589707,-0.01383957541738301
2023-08-03,0.005459792527883867,-0.007321632568283443,-0.002564885496183167,-0.012570205937416423,-0.002547973917609636
2023-08-04,0.0826933519509736,-0.048020086833708064,0.0034286414008446453,-0.009479956663055344,-0.00529999622380839
2023-08-07,0.018986888299777904,-0.01725369525798126,0.007108426383550137,0.014219305441618868,0.00902405745383561
2023-08-08,-0.01603150049219515,0.005311713726586564,-0.01229893065947718,-0.006740361283364749,-0.004218270022397053
2023-08-09,-0.014934972130913327,-0.008954393770856606,-0.011715994479374325,-0.01574375678610218,-0.007038747560775049
2023-08-10,0.00515052593398635,-0.0012346371850272542,0.002172361356794772,-0.05791505791505791,0.00025068771249703303
2023-08-11,-0.001082563510392598,-0.0010114064168118553,-0.005945560957483109,-0.007903981264636872,-0.0010696312010077813
2023-08-14,0.015605808828841772,0.00939310422408468,0.009438958287903976,0.005311301268810853,0.005750383620255262
2023-08-15,-0.020630290958241537,-0.011200267469073988,-0.0067275644982101035,-0.022600528324038804,-0.011550831677699436
2023-08-16,-0.01888574126534459,-0.004959143420681822,-0.004536133722736757,-0.014414414414414267,-0.0075554433893813
2023-08-17,-0.00806988968682909,-0.014555133941213105,-0.01098626716604234,0.0030469226081657474,-0.007712864385729601
2023-08-18,-0.005672488431109013,0.0028160919540229923,-0.0012623074981065185,0.006075334143377686,-0.00014872916647590273
2023-08-21,0.010959315418105353,0.007736833056335657,0.017062689585439772,0.0045289855072465635,0.006879175048229769
2023-08-22,-0.0031927531927532504,0.00790491355777978,0.0018019137566793741,-0.010219416892095046,-0.0027774179104816943
2023-08-23,0.00945996275605232,0.021948879986458447,0.014079265645351446,0.019131491041603388,0.011044888377340412
2023-08-24,-0.027154663518299982,-0.026170494699646718,-0.02149847094801216,-0.020262216924910592,-0.013458039995401183
2023-08-25,0.010770631067961167,0.012643156820501211,0.009407131918617306,0.0021289537712896323,0.006717988442317857
2023-08-28,-0.0009004952723998816,0.008846089244723077,0.0022292402006314216,0.005159332321699406,0.0062645975336552695
2023-08-29,0.013294276701216745,0.02181031133803213,0.014550509731232841,0.010265700483091944,0.014508347036412905
2023-08-30,0.0011859758357424255,0.01917227894851181,0.0011570902225876978,-0.0020920502092049986,0.0038331298928546698
2023-08-31,0.021766491448878433,0.0011723954169997608,-0.003132698683050106,0.003593890386343057,-0.0015969452055097921
2023-09-01,0.0007970436924862323,0.00846329908979615,0.002745911642665577,0.0008952551477170445,0.0017991596526802933
2023-09-05,-0.006154068925571909,0.0012667581547554096,0.014878597943163152,-0.007751937984496027,-0.00419419058100845
2023-09-06,-0.013914183725504459,-0.035793357933579295,-0.0020086943486734565,-0.013822115384615419,-0.0069715777558858605
2023-09-07,0.018395390070921946,-0.02924935760756653,-0.008922134102379187,-0.007617306520414369,-0.0032113009127796577
2023-09-08,0.0027566195139643312,0.00349177742734863,0.013215725500894004,0.011667178385017074,0.0014266008258556617
2023-09-11,0.03523113651161114,0.0066225165562914245,0.010979148592455301,-0.01001517450682865,0.006723514803174124
2023-09-12,-0.013067784765897983,-0.017060660124888494,-0.018257678877907413,0.02605763335377076,-0.005695872498027943
2023-09-13,0.02563194788642642,-0.011854792966534355,0.012930644723754492,0.00567672542575437,0.001241623523611013
2023-09-14,-0.0008974801518811804,0.008782503874634084,0.007855740046420312,0.0,0.008429883781315706
2023-09-15,-0.02991984521835278,-0.004153863662228363,-0.025036905816356536,0.008615567439097083,-0.012159552507158722
2023-09-18,-0.002920435928484899,0.016913319238900604,-0.0035128096420569133,-0.017967599410898316,0.0007212964460983073
2023-09-19,-0.01678811258751245,0.006180816991627758,-0.0012459733787152372,0.018596280743851112,-0.0021511026084926055
2023-09-20,-0.017002107098743058,-0.019992181828335176,-0.023976875095085948,-0.022379269729092988,-0.009394795170962755
2023-09-21,-0.044053514672185545,-0.008889395407145728,-0.0038656981637934518,-0.014759036144578408,-0.016400890463858953
2023-09-22,-0.0016237531895152424,0.004944517909503787,-0.007886583419397186,-0.003974319779883939,-0.0022956120092377796
2023-09-25,0.016651177199504374,0.007380284913324653,0.0016718715497934244,0.014732965009208288,0.00402309227186648
2023-09-26,-0.04029862116248961,-0.023398455247614747,-0.01700573156137819,-0.024198427102238518,-0.01473449776826885
2023-09-27,0.0,-0.008897418004186974,0.0020823989235601026,0.002789832610043508,0.0002293186195019281
2023-09-28,0.0,0.0015255530129671957,0.0027174781802485892,0.025038639876352242,0.005893073124170867
2023-09-29,0.009049055405619955,0.0030464584920031346,0.006727458232368422,-0.005729794933654886,-0.002709491359862204
2023-10-02,0.018407803650094534,0.014835582033759565,0.01916072842438643,-0.015165301789505592,7.92901202177898e-05
2023-10-03,-0.03661362583037242,-0.007769784172661831,-0.02613424487259175,-0.033569448721897155,-0.01374408577578079
2023-10-04,0.01828094932649127,0.007308584686774866,0.017741472286926907,-0.0108349267049076,0.008109801510834735
2023-10-05,-0.008188976377952795,0.007197973050788953,0.0012854679416838266,-0.02351804123711343,-0.0013040164174730196
2023-10-06,0.015878056525881146,0.014750443085015164,0.024736973947895757,0.019465522929726253,0.011814879091820885
2023-10-09,0.0023444826508283167,0.008451180348188592,0.007822526431583432,0.002912621359223211,0.006303818034118613
2023-10-10,0.009511928894433197,-0.003352142577797812,-0.0043356982596568505,0.015811552113585092,0.005207972949908379
2023-10-11,0.018149521161569426,0.007904030494983116,0.012271993666067793,-0.015883100381194448,0.004293017364807916
2023-10-12,0.003792763407418631,0.0050611790878754,-0.0037903856566993133,-0.021304067140090366,-0.006246358765807258
2023-10-13,-0.01919443814705679,-0.010292734215040733,-0.010357531102790252,-0.02176781002638528,-0.005018840769632216
2023-10-16,0.021265120579397667,-0.0007268660889012679,0.014981844811277512,0.013486176668914274,0.010594346293018697
2023-10-17,-0.008147868728781704,-0.008784691136973999,-0.0017436267436267139,0.008982035928143617,-9.831650139591197e-05
2023-10-18,-0.025405035369285844,-0.007394863110358418,-0.005872432692886842,-0.02802505769864816,-0.013399798774352711
2023-10-19,0.0021072348396160567,-0.002161055505004561,0.0036654448517159377,-0.0050881953867029095,-0.00848282575441528
2023-10-20,-0.02515576323987545,-0.014704206086857519,-0.014034770010865505,0.011251278554381239,-0.012585320243104325
2023-10-23,0.01110489733961817,0.0006941230911614582,0.008112162120794686,-0.014834794335805812,-0.001685542214310054
2023-10-24,0.015802781289506962,0.0025433526011560126,0.0036742378233936,-0.022587268993839893,0.00726575986948208
2023-10-25,-0.055771624144368426,-0.013491697416974202,0.03067800199679316,0.01575630252100857,-0.014339592436341642
2023-10-26,-0.014992997775764128,-0.02460549386323796,-0.03751431003610539,-0.01585660117200971,-0.01183251050332379
2023-10-27,0.06832817596387053,0.007969321109713157,0.00585562231236092,-0.046584938704028134,-0.004800313253070176
2023-10-30,0.03890715515891663,0.0123053144691474,0.022740365665079976,0.005143277002204183,0.012010093822027113
2023-10-31,0.002863386331097839,0.0028187210053438605,0.0023717055527556763,0.030701754385964897,0.006474961721408823
2023-11-01,0.0293786159741527,0.018738654330385796,0.02354263405400614,-0.007092198581560294,0.010505985025513809
2023-11-02,0.00781021897810219,0.0206932229694774,0.006501574825902301,0.028571428571428692,0.018858574846738696
2023-11-03,0.003838632577678025,-0.005181055358450148,0.012861736334405238,0.03368055555555549,0.009393716215277292
2023-11-06,0.008225108225108357,0.014605151429380125,0.010572562358276638,-0.022169969768223052,0.0017529609897344312
2023-11-07,0.02125375697724352,0.01445070579702068,0.011219252236838395,-0.024046719340432787,0.0028401412741241305
2023-11-08,-0.004414546983392831,0.005884941150588352,0.007405763736721083,-0.029919042590637157,0.0010049378994057
2023-11-09,-0.01041666666666674,-0.002624528405052118,-0.006910792951541844,-0.03301886792452835,-0.008083910212239531
2023-11-10,0.021052631578947434,0.021873800778466235,0.02489672572014756,0.0075046904315199114,0.01561640999689451
2023-11-13,-0.006756756756756799,-0.008583690987124415,-0.00808829496578034,0.0018621973929235924,-0.0008357416584374722
2023-11-14,0.022512097622554128,0.014285714285714235,0.009790553070797348,0.048327137546468446,0.01907492831317792
2023-11-15,-0.017832647462277196,0.0030409731113956173,-0.0016204391390065576,-0.0021276595744680327,0.001597081655804411
2023-11-16,-0.002583798882681343,0.009042072230200704,0.017583249925609223,-0.023454157782516027,0.0011903492875668942
2023-11-17,0.01645312609395777,-0.00010542406831481888,-0.016800914480155194,0.02001455604075697,0.0012820967827800178
2023-11-20,0.006543601046976155,0.009278296167430922,0.020521833175611626,0.017481270067784438,0.007390308416887814
2023-11-21,-0.015260384589064424,-0.004230869678767291,-0.01157799915218316,-0.021739130434782594,-0.002020943928152108
2023-11-22,0.019527449617790182,0.0035144775493076708,0.012812608893773447,0.007168458781362075,0.004061090434732906
2023-11-24,0.00020448503851144828,-0.0070043385081804965,-0.0011115522032553171,0.002846975088967918,0.0005969336920788049
2023-11-27,0.006746626686656487,-0.0009475180291624863,0.0031264075457702045,0.011355571327182457,-0.001954230217531494
2023-11-28,-0.004738374060786477,0.0032140787185837016,0.0108026729352102,0.013684210526315743,0.0009801271528184774
2023-11-29,-0.004828946473508844,-0.005409663865546199,-0.01006009929448648,0.09380408445829014,-0.0009462358037187757
2023-11-30,-0.0015718972115910113,0.003062787136294043,0.0001583740266595246,0.0,0.0037841330116161753
2023-12-01,0.006434389759737202,0.006791260858120651,-0.011612256208598404,0.02405063291139231,0.005873724769035471
2023-12-04,-0.014894919404203177,-0.009464547165864867,-0.014338735948305814,0.021940667490729426,-0.005408487734594569
2023-12-05,0.014084507042253502,0.02106318956870612,0.009156417619331503,-0.01179316601149083,-0.0005689551794614278
2023-12-06,-0.016067538126361525,-0.005687105780167512,-0.00998604101793188,0.007037943696450277,-0.0039061302598102365
2023-12-07,0.016329919734292764,0.010139351081530856,0.005829718004338291,0.01823154056517784,0.007968188792220499
2023-12-08,0.003676470588235281,0.007412364235342528,0.008842162016444277,0.0071620411817368,0.004095438100658821
2023-12-11,-0.010378510378510342,-0.012927290378621392,-0.007829409721294422,-0.005037037037037062,0.003924532563629679
2023-12-12,0.01089862224964011,0.007920074541878153,0.008295179100457739,-0.004764740917212573,0.004599302532861449
2023-12-13,0.009221589368050065,0.016691489908068347,-2.671082856986473e-05,0.017055655296229766,0.013650752632599072
2023-12-14,-0.009540446116635404,0.0007577288341078514,-0.022544541496380632,0.06649014416004695,0.002647070695482867
2023-12-15,0.017297517297517384,-0.0027257584170411464,0.013117262864482226,-0.014344827586207032,-7.627845875146644e-05
2023-12-18,0.027338801093552023,-0.008503315280660062,0.005178971218946282,-0.008116428771340556,0.00452831947855481
2023-12-19,-0.0018173557473875057,0.005360151105212152,0.001636924728297462,0.012133182844243695,0.005866395531329616
2023-12-20,-0.01085896352168536,-0.010713923022240168,-0.00707281787493963,-0.011151379983272869,-0.014684263175886003
2023-12-21,0.01130686300289252,-0.0007699019658163886,0.0078786897630998,0.021990414434733596,0.01030148882054327
2023-12-22,-0.002730109204368225,-0.005547565235257901,0.002784173047063243,-0.006344827586206803,0.0016600832148312428
2023-12-26,-6.518055012383339e-05,-0.0028409090909089496,0.00021357253457221503,0.0030538589672404193,0.0042316647141837915
2023-12-27,-0.0004562935923342337,0.0005180005180005498,-0.0015747611167459263,-0.0013838915029062981,0.001430441384365766
2023-12-28,0.0002608582235554824,0.0022262490292519477,0.003234688694629284,0.003325942350332678,0.0003701705294067992
2023-12-29,-0.009388446994393007,-0.00542411406137,0.0020251545512686153,-0.007734806629834279,-0.0028264709879060046
2024-01-02,-0.013228906147163322,-0.0357866306549629,-0.013748537389639437,0.003619153674832898,-0.0056605790982068305
2024-01-03,-0.009737877676249007,-0.007487610428786873,-0.0007280179038476886,-0.021636615811372883,-0.008016310936719062
2024-01-04,-0.02626793291574059,-0.012700135685210334,-0.007177549919050286,0.006237595690388398,-0.003428406248073834
2024-01-05,0.004634433146572636,-0.004012973448408452,-0.0005163885416100689,0.014088475626937269,0.001825673750394552
2024-01-08,0.026576700633434314,0.024174853736615542,0.01887151597552683,0.019727702139483272,0.014114671594383177
2024-01-09,0.015224681421864616,-0.0022634188402673727,0.0029357602284556528,-0.004359673024523225,-0.001477892491718369
2024-01-10,0.015590936116799847,0.005671383817651643,0.018574203677585777,-0.006294471811713054,0.005665930831493693
2024-01-11,0.009432121251545134,-0.0032225146355873147,0.004859314993338026,-0.01239328008813012,-0.000671063771963798
2024-01-12,-0.003608712462946251,0.0017781130448837335,0.009983620622416423,-0.01673173452314558,0.0007510083175741311
2024-01-16,-0.009442504203854618,-0.012317125645438853,0.004633562437253769,0.003686897334089778,-0.0037313198838587747
2024-01-17,-0.009467223818229176,-0.005173446604585297,-0.002049862915417422,-0.010737496467928875,-0.0056168930629166836
2024-01-18,0.011798826708852461,0.03257061528355587,0.011297404164633873,-0.012282205084261588,0.00880526501252299
2024-01-19,0.0119869706840392,0.015533054127127244,0.012186762129636763,0.026894158473105945,0.012313478102632613
2024-01-22,-0.0036049954937557027,0.012163290874921628,-0.005418014899541079,-0.005350605463249725,0.002194301015948863
2024-01-23,0.008011370978162624,0.006653257001392632,0.0060275907291114095,-0.002548131370328499,0.0029213904746590025
2024-01-24,0.005448019484681321,-0.003483963520852562,0.009175231887691204,-0.015043996593811948,0.0008119886527155895
2024-01-25,0.005609740549499476,-0.0016966580976864876,0.005738275039745666,0.013256484149855696,0.005260293105750158
2024-01-26,0.008684627575277437,-0.009012720811659936,-0.0023217329019191713,0.0005688282138796019,-0.0006517972440622799
2024-01-29,0.013448969331322225,-0.003585905830994718,0.01433416681108124,0.005969300739056216,0.007556783214781593
2024-01-30,-0.014014634751333244,-0.019245814426537278,-0.002757981060236392,0.07798813224074586,-0.000600657882721567
2024-01-31,-0.023899371069182496,-0.019357583492873753,-0.026946327614479015,0.017038007863695803,-0.01610568186202166
2024-02-01,0.02628865979381456,0.013340563991323329,0.015594345792041775,0.0018041237113401998,0.012493679898465615
2024-02-02,0.07866649924660973,-0.005405116129722942,0.01842587547674479,0.0010290712631848553,0.01068446187367389
2024-02-05,-0.008730574471800256,0.00984665052461664,-0.01354506103788733,-0.028784374196864526,-0.00318637682737688
2024-02-06,-0.006811109153895822,0.008631713554987153,-0.0003944286946874209,0.006350886477904272,0.002310426660138587
2024-02-07,0.00815843925509907,0.0005810882197569978,0.021110261658733975,0.01814357086510654,0.008241442161546875
2024-02-08,-0.0040462088782032835,-0.005754712000422435,0.0001449100350199295,-0.0018078512396694224,0.0005705637169521882
2024-02-09,0.02714319359397077,0.0028143585386575243,0.015551423534809539,-0.0023285899094436235,0.005742400323335062
2024-02-12,-0.012095156205216284,-0.009001853322742837,-0.012578765901795297,0.018672199170124415,-0.0009489496897510108
2024-02-13,-0.021469188812812012,-0.011274378840502308,-0.021528680826470192,-0.02469450101832993,-0.013674270785210219
2024-02-14,0.013875711574952598,-0.00480977086035439,0.00780173262453232,0.001566170712607562,0.00957972369210025
2024-02-15,-0.006901391975669524,-0.0015748031496062298,-0.00715524188624872,0.01615845712796471,0.0058212781615079034
2024-02-16,-0.0017078916372204045,-0.008430327423039286,-0.006149153876426561,-0.007437804565273098,-0.004803438753173572
2024-02-20,-0.014335437437319243,-0.004113871976304084,-0.003143097559768271,0.008010335917312483,-0.006005310084565729
2024-02-21,0.009037586784773621,0.004185944040537404,-0.0015144368032969924,0.012304537298128748,0.0012641920124771833
2024-02-22,0.03552998398481533,0.011243966652040527,0.023546670644984724,-0.0037984299822739764,0.021122887309807714
2024-02-23,0.0023484935273228036,-0.010034170418180777,-0.003182315073484765,0.007371631926792022,0.00034794369209545373
2024-02-26,-0.0014857991885252053,-0.007451238220469114,-0.006823609689525667,0.004037345445369489,-0.0037867473667663187
2024-02-27,-0.006810507640359398,0.008114374034003058,-0.00014722481228834905,0.009801457652676593,0.0017062725735916828
2024-02-28,-0.0021896968998501576,-0.006625417510814247,0.0005889859625012317,0.011199601791936464,-0.0016580743494716277
2024-02-29,0.02079002079002068,-0.0036930878624186203,0.014519768468556737,0.008614324390844086,0.005229044372909275
2024-03-01,0.008259787282190567,-0.006030428769018048,0.004496663765593212,0.00024402147388991047,0.008007817482197588
2024-03-04,-0.0035910672202894567,-0.025381275743070253,-0.001395908543922908,-0.0014637716516223698,-0.0011932849011501157
2024-03-05,-0.01948417614596243,-0.02844089091947455,-0.029571965680131207,-0.00684094795993162,-0.010193044173106403
2024-03-06,-0.0035033310360671477,-0.005878203620973466,-0.0013907860424686724,-0.012300123001230068,0.005141130024711504
2024-03-07,0.019076710276064723,-0.0007095553453169146,0.017533388047452192,-0.01992528019925277,0.010304108322428451
2024-03-08,-0.008313539192399078,0.010236686390532546,-0.0071369213472159965,0.003811944091486552,-0.00652853397862474
2024-03-11,-0.01933276304533782,0.01183154688689747,-0.004184924425188474,0.0007594936708861244,-0.001122238074512727
2024-03-12,0.019946499185857114,0.002778581765557009,0.026599426480767407,-0.008095117632178073,0.011201772588189884
2024-03-13,0.006670847824847614,-0.01212261155688965,-0.0004334424966286887,0.026778882938025994,-0.001924537270519222
2024-03-14,0.012403715450838293,0.010927365160988689,0.024379667549987882,-0.021857923497267673,-0.002871076469757039
2024-03-15,-0.02422377622377625,-0.0021965317919074856,-0.020695169559286963,0.0332656170644996,-0.006482890915021411
2024-03-18,0.0003439972480219211,0.006372378635152387,0.002161279477450595,0.0031948881789138905,0.006318044044564486
2024-03-19,0.00813846859238887,0.01358507943817644,0.009800632608070625,0.016903478686918216,0.005649179907640134
2024-03-20,0.012791358726549129,0.014709223080417777,0.009064806245699053,0.03228137798120945,0.008904105621114988
2024-03-21,0.0,-0.04085744668942737,0.009735907626460927,0.013302217036172737,0.0032365990253835353
2024-03-22,0.004041538029750269,0.005310147633774909,-0.0014672659943638644,-0.008291110087517262,-0.0014022623165372838
2024-03-25,0.004696148040476356,-0.008300441142326531,-0.013714605588468487,0.011379470506270195,-0.0030549197773100945
2024-03-26,-0.00784597406933396,-0.00667251975417027,-0.0028614671522491086,0.010332950631458226,-0.0027998213940082506
2024-03-27,0.008581043185642123,0.02121265688527485,-0.000521759753349893,0.013409090909090926,0.008630596627706266
2024-03-28,0.0030584440860812467,-0.010559113726847924,-0.0016847400517285838,0.01704418030948629,0.001116511606195525
2024-04-01,0.0032708726022840917,-0.008455796594354914,0.00915097927362618,0.0011025358324145973,-0.0020135697089078697
2024-04-02,-0.0015472177709012769,-0.0069987649238369976,-0.007372164778481793,-0.011233480176211397,-0.00723906654944817
2024-04-03,0.009519065803309523,0.00479744136460547,-0.002349088838268787,0.006237469369570148,0.0010910886106099138
2024-04-04,-0.013211994956416895,-0.004892425582080806,-0.0061124985134973775,-0.032986495461589604,-0.012334284436888443
2024-04-05,0.028166666666666673,0.004501836275322857,0.018282760601129544,0.012591575091575047,0.011099216857287653
2024-04-08,0.0006484033068567818,-0.006663521641703141,-0.002185561195713448,0.0024869997739092042,-0.00037468728023148934
2024-04-09,0.002591932609752101,0.007242505194419602,0.003980310417108335,0.008795669824086527,0.0014454894769517779
2024-04-10,0.0015080519200731946,-0.011139270348323183,-0.007084545369240858,-0.017661524703778242,-0.009456977183866844
2024-04-11,0.01667114815810722,0.04327095005364168,0.011033407361905168,-0.002275830678197366,0.007444813046443954
2024-04-12,-0.015445649299127284,0.008626599634369292,-0.014091089664197476,-0.017335766423357768,-0.014550707243232486
2024-04-15,-0.013485198517165342,-0.02186349476069105,-0.019578099075610367,-0.009052924791086325,-0.012021290507689297
2024-04-16,-0.0016338089532731415,-0.01916729399502004,0.002272507494439635,-0.0007027406886859211,-0.002056572537150636
2024-04-17,-0.01112808204233029,-0.008147360963513983,-0.006609098364609989,-0.0046882325363336586,-0.005780564238499708
2024-04-18,-0.011363636363636354,-0.005714285714285783,-0.018380924630924667,-0.0004710315591145431,-0.0022081912146246774
2024-04-19,-0.0256109809173084,-0.012212643678160884,-0.012739011056966842,-0.0016493873704053197,-0.00875852104918673
2024-04-22,0.01488862165721816,0.005090909090909035,0.00461014231308865,0.019825348123672537,0.008731224445012842
2024-04-23,0.013033910737459742,0.006391702846116676,0.016485434956105438,0.0437398750289284,0.01196463497385536
2024-04-24,-0.016430878912777058,0.012702216896345098,0.0036558137252495904,-0.00044345898004438666,0.0002129946455513565
2024-04-25,-0.01653547766011676,0.0051473198438052314,-0.02449518408057494,0.011978704525288375,-0.004576437949929346
2024-04-26,0.03426037887948419,-0.003472835364058957,0.018243785084202102,0.0048224462954846725,0.010209134739185721
2024-04-29,0.007460193742345078,0.024808033077377445,-0.01001673557786964,0.004363001745200545,0.003178456301617949
2024-04-30,-0.032935455349248466,-0.0182708933717578,-0.03211932877563706,-0.032797567332754074,-0.015730517164206925
2024-05-01,0.02285714285714291,-0.006047085070157943,0.014409369943235939,-0.001347406242982352,-0.003435477561168243
2024-05-02,0.03195530726256979,0.022031896042528087,0.007342887527219233,0.004497413986957577,0.009128425650457572
2024-05-03,0.008066262451277728,0.05981621684101013,0.022169716468932288,0.004253413924333982,0.012556771059594851
2024-05-06,0.0133719993555661,-0.009106772821463549,0.016918310136231796,0.004458314757021853,0.010326085896653403
2024-05-07,0.00031796502384739966,0.0037972593693247347,-0.01015621221647256,0.004882379050155317,0.0013434374239973401
2024-05-08,-0.004026276753549385,0.0018640350877192624,0.0029315483461183067,-0.005079505300353393,-5.782909574536532e-06
2024-05-09,0.007978723404255428,0.010014227864725722,0.00433575291080035,0.006881243063262987,0.005090917502462489
2024-05-10,-0.01065963060686026,-0.008235357858806913,0.005869227784245368,-0.003306878306878258,0.0016493801399288799
2024-05-13,-0.00485385107744829,0.017645452062277966,-0.002459372136760285,-0.0008847600088476293,-0.00024125544739483917
2024-05-14,0.0026799592646191694,0.006173502254670504,0.006864546069805577,-0.003099402258135986,0.004837764439558523
2024-05-15,-0.005773239963649868,0.012217894680680796,0.015652006913769778,0.01021541194759057,0.011715980391409309
2024-05-16,-0.0126888542394753,0.0006325110689437974,-0.0049399640729884675,0.008353484282259682,-0.0020817045486656305
2024-05-17,0.005826934596743438,0.00015802781289497858,-0.0018527756003706708,-0.0023980815347721673,0.0011647882803798026
2024-05-20,-0.006280454791553813,0.006162110917996566,0.012208181623474035,-0.014204545454545414,0.0009164157208665369
2024-05-21,-0.002124877410918491,0.006857202680067065,0.008698923214369714,-0.0042119264021280856,0.0025018226757822504
2024-05-22,-0.0001092001092001249,-0.007538341564855666,0.0034495618124184,-0.021148708815672324,-0.002706049712388192
2024-05-23,-0.011358051657292534,-0.021058145625982294,-0.008176159063458144,-0.005458267000227446,-0.0073808038801509435
2024-05-24,-0.00165700082850051,0.016588184931506822,0.007400468384074932,0.008689686713926337,0.007000971935366307
2024-05-28,0.007745504840940498,5.263711969694107e-05,0.00037195462153616354,-0.023124008161414578,0.00024883499977379486
2024-05-29,-0.000713697502058741,0.001579030475288068,-0.0026724298196689755,-0.010443258296588653,-0.007367076011488782
2024-05-30,-0.01483353477639826,0.0052551368963160705,-0.03378614535032742,0.01805816135084415,-0.005974995016091
2024-05-31,-0.01606067365603392,0.005018558210047708,0.001109315841512526,0.0363971435153192,0.008027917211029578
2024-06-03,0.010768533212423437,0.009258777633289972,-0.0038783031821357783,0.016670371193598488,0.001116056625188655
2024-06-04,0.005607267018055362,0.0016492295005927637,0.00616656993615794,-0.010494097070397945,0.0015028201536890773
2024-06-05,0.010817441730790689,0.007820941600205966,0.01908332732472906,0.00795404330534688,0.011847660516995706
2024-06-06,0.020520741394527864,-0.0070965436258744186,0.001202801820711752,-0.00021920210434012155,-0.0001998494591923805
2024-06-07,-0.003783783783783745,0.012392019744960958,-0.0015782530858380328,0.0024117518088138112,-0.0011152708034434244
2024-06-10,0.0149755832881171,-0.019147747473208354,0.009484487436593136,0.040463692038495314,0.0025808913052016713
2024-06-11,0.0009087993157275154,0.07264913007456508,0.011241732301867424,0.013453857473197495,0.0027104214117694703
2024-06-12,-0.0018159482988837627,0.028578324885348616,0.019367662013497267,0.013482679941920761,0.008503679780924589
2024-06-13,-0.016373267697575966,0.005491153142159977,0.0011789779168367431,-0.0247646336471552,0.0023445728948188194
2024-06-14,-0.0009247674481859258,-0.008168409260642218,0.002241949363648743,-0.018467995802728177,-0.00039383555341243603
2024-06-17,0.00217793749319406,0.019671513953597675,0.01310527148247731,0.01347017318794097,0.007664408277487045
2024-06-18,-0.0067912637183527025,-0.010984446393132341,-0.004527510761201725,0.0008438818565401629,0.002521363070800975
2024-06-20,0.01799682730704011,-0.02151290307527176,-0.0014338844826813357,0.006956155143339027,-0.0025259566650810417
2024-06-21,0.01601289629231606,-0.010444486837085099,0.009154139555755059,-0.0010466820180030645,-0.001562165984246855
2024-06-24,-0.018563570975248633,0.0031326810930645266,-0.004691182355818335,0.00817267393126575,-0.0030651719607218686
2024-06-25,0.004149377593360981,0.004468146439896348,0.007326825563473083,-0.035335689045936425,0.003933647462219136
2024-06-26,0.03901470430396059,0.019993303678193852,0.002683224304246723,-0.0137901314371901,0.0015724132887204867
2024-06-27,0.0218996952636743,0.00398593200468933,0.0015260084925690087,-0.004151190736290222,0.0009072819876230209
2024-06-28,-0.02324993682082388,-0.01625408687529184,-0.013028596665562664,0.01930671347082069,-0.004083627735109618
2024-07-01,0.02043984476067262,0.02910454847592825,0.02188164224186151,0.004735256134309029,0.0026755889592124937
2024-07-02,0.014198782961460488,0.016239907727797043,0.005583167297965819,0.005784061696658238,0.006195331948881222
2024-07-03,-0.012050000000000005,0.0058110500749080085,0.003244208326075526,-0.0051118210862620694,0.005084398104196586
2024-07-05,0.012196973531049204,0.02162040171518842,0.014736202443735635,-0.004067651466495348,0.0054487793072806046
2024-07-08,-0.003550000000000053,0.006538835380401231,-0.0028231670801608377,0.0006448839208941237,0.0010166708878267539
2024-07-09,0.0002508906618496898,0.0037749100166799554,-0.014370281400137297,-0.006229860365198681,0.0007410929775606423
2024-07-10,0.002257449583625837,0.01880356830505492,0.014601558079818888,0.005836575875486361,0.010208033738690059
2024-07-11,-0.02372491115671449,-0.02322087732852607,-0.024772117962466478,0.030088115194498055,-0.008763008283767415
2024-07-12,-0.0028710587028967227,0.01305092938436525,-0.002529140092368598,0.022532860421447864,0.005517016620885551
2024-07-15,-0.009100724973006402,0.016743298343020685,0.0009039797155769858,0.00591715976331364,0.002826181805230199
2024-07-16,0.0015566625155667424,0.0017918088737201021,-0.009780597409463354,0.009533468559837832,0.006389379210899104
2024-07-17,-0.026370324318723437,-0.025295971382335414,-0.013347570742124892,0.0026120152702431287,-0.013927512704686507
2024-07-18,-0.022242324269674874,-0.020534778049632996,-0.007102272727272707,-0.00501002004008011,-0.007816372508844482
2024-07-19,-0.0033741496598639342,0.0005798911588901223,-0.007402865771964473,-0.027190332326283984,-0.007140293511332718
2024-07-22,-0.0031671490198218466,-0.001560340600062382,0.01333760380682203,0.026086956521739202,0.010792007266121617
2024-07-23,0.021144891810462862,0.004688337203071935,0.004312096446471347,-0.06416464891041163,-0.001558116673645582
2024-07-24,-0.029934016415428255,-0.028754277587662802,-0.03585478251095886,0.0023717119448036783,-0.023149031452155744
2024-07-25,-0.005419454736492968,-0.004804612427930732,-0.024481231056190267,-0.05076360507636046,-0.005142681306694263
2024-07-26,0.014734500973033082,0.002161018897420597,0.016419694072657753,-0.00022660321776579728,0.011090490848678192
2024-07-29,0.003835616438356171,0.0012846393833731984,0.003433113081101613,0.0006799637352674637,0.000813320877067536
2024-07-30,-0.00813318777292571,0.002565982404692191,-0.008928362196236495,0.0018120045300111798,-0.004960154039322595
2024-07-31,0.029002256342523625,0.014990859232175469,-0.010805826160976029,0.0020348179968348035,0.01579342363752767
2024-08-01,-0.015563161835490447,-0.016750720461095048,-0.002964025337635956,-0.0214350180505416,-0.013693569708273734
2024-08-02,-0.08784701472265977,0.006869389998168218,-0.020666011363908776,-0.05072630850818527,-0.018381839946536194
2024-08-05,-0.04097677188802851,-0.0481670153734195,-0.03265685818502295,-0.02963322807869806,-0.029968802370122227
2024-08-06,0.0056514718668487784,-0.009748172217709294,0.011286853093761984,0.016520650813516724,0.01035414252467537
2024-08-07,0.005187426665843375,0.01249819041644562,-0.0029528790570806374,0.0009849790691947025,-0.007734688541859436
2024-08-08,0.018615223935614766,0.016633304737394106,0.010691965966418193,0.051168511685116824,0.023042600250024137
2024-08-09,0.006875753920385863,0.013735877361586546,0.008269388363256969,0.017552071144395054,0.004671658542179324
2024-08-12,-0.0008386246555648347,0.005965593784683643,0.00194571695975565,-0.011269549218031139,4.303763360380408e-05
2024-08-13,0.02056354916067127,0.01719303084632018,0.01769867997345198,0.007676203768318235,0.01684757287548244
2024-08-14,-0.0007636726781412584,0.002033714466488812,0.006883891693437505,0.006694367497691589,0.0038237680860733203
2024-08-15,0.04403292181069962,0.013530579108785856,0.010003358441682986,0.028663150653519764,0.01613320110499883
2024-08-16,-0.00298440227490282,0.005918476326094657,-0.006080326817566317,0.010254123941150217,0.001989818192314141
2024-08-19,0.006551451485372173,-0.0007078080070781478,0.007312352139938305,0.009708737864077666,0.009722284736913167
2024-08-20,0.0037032880709235716,0.002744698747177754,0.007757454985410472,0.004807692307692291,-0.0019845762938528466
2024-08-21,0.006876118067978609,-0.0004856297735198467,-0.001553672316384258,0.012614180078295067,0.004239680407066571
2024-08-22,-0.022097607017933618,-0.008259717314487602,-0.020252746734568672,-0.0021477663230240474,-0.008932812652890587
2024-08-23,0.005166638278544244,0.010288157484523275,0.0029839971122609388,0.045415411106328074,0.011483420217425433
2024-08-26,-0.008698599186624412,0.0014988538176687882,-0.007917656373713444,0.0037059913526868993,-0.0031537231503155905
2024-08-27,-0.013561253561253483,0.003741526542829554,0.0008464533604197744,0.01025641025641022,0.0015952029967027936
2024-08-28,-0.013401109057301297,-0.006753497346840276,-0.007829112700560525,-0.004060913705583813,-0.005976038963347419
2024-08-29,0.007728337236533989,0.014570179698882857,0.006137359961032596,0.008562691131498434,-3.934065069444159e-05
2024-08-30,0.03706716244480601,-0.003437921580573544,0.009730828814872083,0.006266424095411338,0.010093062182132906
2024-09-03,-0.012605042016806678,-0.027205240174672407,-0.018459030541305044,-0.027521092808356906,-0.021151122441753323
2024-09-04,-0.016567375886524793,-0.008618754769493253,-0.0013188745603751606,0.0008262755629002694,-0.0016024800458679378
2024-09-05,0.026308198234581193,0.0069277790355444235,-0.0012472487160675172,-0.006191950464396356,-0.0030180776693048417
2024-09-06,-0.03653943448198327,-0.007015019336271244,-0.016381400132226553,-0.02097611630321905,-0.01726020776209658
2024-09-09,0.023396930976136376,0.0004075717779186139,0.010007468259895624,0.005515485787017438,0.01158009178281283
2024-09-10,0.023660205245153998,-0.003621384274138717,0.020901114068815785,-0.0544303797468354,0.004472633223969957
2024-09-11,0.027680311890838194,0.011585116532642603,0.02134234669241919,-0.0033467202141900243,0.010665050805019227
2024-09-12,0.013440277476696183,0.0004940267672686183,0.009360816944024242,0.03246026415939096,0.007495323299958834
2024-09-13,-0.0027272727272726893,-0.0012120123894600043,0.008407494145199035,0.0039028620988725837,0.0054076658041088965
2024-09-16,-0.008579548501260192,-0.027775280898876487,0.0017417961401797744,0.012311015118790403,0.0012566610143582846
2024-09-17,0.010763156471415458,0.0021727071005916976,0.00883293921268602,0.013868145935566512,0.00026450846693371055
2024-09-18,-0.002407962328767055,0.01798975967526184,-0.009973572331379965,0.023989898989898784,-0.0028964004415590328
2024-09-19,0.018451965885318833,0.03706556708505149,0.018291126018430415,-0.0008220304151252966,0.01697678640717948
2024-09-20,0.00911149734028549,-0.0029274260497226257,-0.007795937906038497,0.005347593582887722,-0.0019409693295342478
2024-09-23,0.011899791231732681,-0.007581069237510896,-0.004043467273186718,-0.017184942716857665,0.002809269537312087
2024-09-24,0.0004126263668249308,0.003974036296198191,-0.010011303084127232,0.0006244796003331832,0.002511117289812015
2024-09-25,-0.007372654155496039,-0.004398117605664775,0.006850432229652537,-0.04867900977740802,-0.0018611774432969463
2024-09-26,-0.007115774165065258,0.005080178468878316,-0.001851380435537231,0.0017493986442160825,0.004038614114003858
2024-09-27,-0.01668759154634858,0.0011867088607593335,-0.007627924230831695,0.01462562759222874,-0.0012531829977877607
2024-09-30,-0.00872479651008129,0.022871943456692634,0.005326853885332605,-0.03528399311531827,0.0042365423122701085
2024-10-01,-0.006440186765416245,-0.02914163090128752,-0.022333255867999058,0.000892060660124816,-0.009324110452443968
2024-10-02,-0.001998595581483298,0.0025197825029839027,-0.008462288145665409,-0.0013368983957219305,0.00013838405955768351
2024-10-03,-0.015154795410261879,-0.004894611517770597,-0.0014144271570013522,0.0035698348951360703,-0.001681396399709989
2024-10-04,0.02500549571334343,0.005007311561129102,-0.001152350314495676,0.015562472209871059,0.008970269862489832
2024-10-07,-0.030614980430003658,-0.02253086419753092,-0.0156708167091284,0.006567425569176777,-0.009586042249529192
2024-10-08,0.010619469026548645,0.018404077766250193,0.012623919519460847,0.000652457590256672,0.00968935768284096
2024-10-09,0.01340849387040266,0.01669840988616733,0.006631139832654176,0.04173005868289503,0.0071133846739683815
2024-10-10,0.007992655397742743,-0.002178269582643555,-0.0038806113160542166,-0.0050073023158773156,-0.0020700823889336917
2024-10-11,0.011626038039110664,-0.006505413901501833,0.001154290111581524,0.003774376179492611,0.00605185076253667
2024-10-14,-0.006778942908590158,0.016479894528675043,0.006773635664873101,0.015876331731773607,0.007707612858403268
2024-10-15,0.0007998293697344394,0.011024643320363126,-0.0009543350670420114,-0.01603948180135717,-0.0076094097971791674
2024-10-16,-0.004262347487879015,-0.008851828094932568,-0.006256865835602032,0.024242424242424176,0.004679068519722218
2024-10-17,0.0034244742896891722,0.0015963413581845387,0.0014418917619918314,0.007549479698020889,-0.00017116048520571248
2024-10-18,0.007785420999306902,0.012276545337066569,0.00345555768861594,-0.004050222762251976,0.003971603038276372
2024-10-21,0.0004233028202549338,0.006297872340425448,0.0014826860531853558,-0.005083367222448176,-0.0018227794573267841
2024-10-22,0.0033320992225100987,-0.0026217861975641465,0.020846267730073142,0.09809932556713674,-0.0004748905872585807
2024-10-23,-0.0263046916183447,-0.021622996692953533,-0.006806858319103548,-0.015075376884422065,-0.009191277003007925
2024-10-24,0.00904119971847761,-0.0008233662679840714,0.0003061705134244086,-0.0037792894935753107,0.002145782089274073
2024-10-25,0.007779804700075221,0.0036431452487313276,0.008052174322510597,-0.012329286798179018,-0.0002994908655286066
2024-10-28,0.0029814193685777646,0.00859945551186203,-0.003643582856475591,0.012675244862684787,0.002651460369276215
2024-10-29,0.012951855194012651,0.0011568123393315144,0.012564757729904619,-0.022567798217333568,0.0016141440228589765
2024-10-30,0.009956505790494008,-0.015277956091924505,0.0013427480032410788,0.00834303453628249,-0.0033002338451409985
2024-10-31,-0.032843874850827515,-0.018209474141677506,-0.06052759346172509,-0.02328266307485094,-0.018614747655095742
2024-11-01,0.06185622317596562,-0.01327962462927712,0.009892949427833031,0.003940110323089163,0.004092578148962911
2024-11-04,-0.010862426110241019,-0.004037503925351071,-0.004654336330628506,0.016483516483516425,-0.002812107247591178
2024-11-05,0.01900091939932569,0.006486194315571403,0.007344660431866101,0.03667953667953672,0.012265675189796932
2024-11-06,0.03804511278195499,-0.0032669501006936663,0.021192825548048466,0.025139664804469275,0.025295879476236127
2024-11-07,0.014293302428895593,0.021372126436781658,0.012494645152077766,0.006176203451407902,0.007431219893945906
2024-11-08,-0.008902642228040936,-0.0022859152452961995,-0.006793126953905437,0.003430222061743926,0.0037568431802581514
2024-11-11,-0.006436737438754947,-0.012028551286570432,-0.01072087849671044,0.03742353364519602,0.000969053663222974
2024-11-12,0.01000773544768907,0.0,0.012009282074591399,-0.004335761359694712,-0.002892682479775477
2024-11-13,0.024843233928485864,0.0039691388306650754,0.005129659834999911,0.005225570458108342,0.00023228648443596178
2024-11-14,-0.012237272302662361,0.01377043354655294,0.00397460018814666,-0.0015595217466644051,-0.0060497412027306074
2024-11-15,-0.04194250047285786,-0.014109192884059207,-0.02785260840029047,-0.010065949323151635,-0.013203522508181798
2024-11-18,-0.0044913873945018334,0.013422222222222224,0.001831325301204778,-0.01384992987377276,0.003917814472747416
2024-11-19,0.014427367377293221,0.0011402508551880963,0.004882624591110218,-0.020266666666666655,0.003963608105035599
2024-11-20,-0.008455109720932552,0.0031540213772560666,-0.005505158093779161,-0.004354926510615198,2.1970667468895755e-05
2024-11-21,-0.02218059936908512,-0.002096069868995576,-0.006305807600664237,0.014762165117550685,0.005340444913141784
2024-11-22,-0.00635144671841914,0.005907579205321145,0.010003148690871155,0.0511853448275863,0.0034679787718681077
2024-11-25,0.021966314935064846,0.013050854830991332,0.004292565947242366,0.028532376559029515,0.0030204344198856425
2024-11-26,0.03181931000248217,0.00940438871473348,0.02196805081305664,-0.08986710963455158,0.005722044904524104
2024-11-27,-0.010199172519965383,-0.0005530502850336072,-0.011682515946634275,0.012958569081949367,-0.0038012963267421984
2024-11-29,0.010450082628560287,0.010215808964372464,0.0011111373791341528,0.001621621621621605,0.005607844313972654
2024-12-02,0.013564866034922352,0.009522605654573857,0.017758465970811876,-0.009893865803202062,0.0024484531809998433
2024-12-03,0.012956195719235009,0.012771818523310774,0.0005104645227156368,-0.025072674418604723,0.00045145233705135013
2024-12-04,0.022113943028485794,0.0014836183803832448,0.014424860853432309,-0.005590756615728609,0.006051359696390701
2024-12-05,0.010955262192886117,0.00012345170980609943,0.011887888070961417,0.0005622188905547443,-0.0018697147288503357
2024-12-06,0.029381092722738478,-0.0008229098090848375,0.0021463106050336744,0.00037460198539052136,0.002495428066323191
2024-12-09,-0.004140421970664665,0.016101136550815243,0.00552336722501523,-0.013106159895150626,-0.006144226774839168
2024-12-10,-0.004644168251581315,0.004133738601823644,-0.006031119680731778,0.0005691519635742104,-0.0029638930421207466
2024-12-11,0.02319587628865971,-0.005166081446502768,0.0127670132858142,-0.013272658323852937,0.008165821859812183
2024-12-12,-0.005602362546686335,0.005963730780153442,0.0012695160248556991,0.004996156802459684,-0.0054140321061636465
2024-12-13,-0.006594750403983052,0.000685594450717808,-0.00509386956134894,0.004397705544933128,-2.6440818012729572e-05
2024-12-16,0.024048184296139974,0.011727723370813736,0.00965859547924075,-0.005520654863887309,0.00379931549522472
2024-12-17,-0.0076417807925127645,0.009719566602931717,0.006355322305631184,-0.020865237366003098,-0.0038639596449174807
2024-12-18,-0.04598745403417692,-0.021421808426700273,-0.03756106147955818,-0.022678396871945172,-0.029492894104891865
2024-12-19,0.01256121893705786,0.007014714775246844,-0.0008230640846841331,0.007001400280056025,-0.0008650990436227524
2024-12-20,0.007299923865824676,0.01881580527643223,-0.000983914147770104,0.02920143027413591,0.010869120584686254
2024-12-23,0.0006224435354793556,0.0030649534362843234,-0.003092075125973537,0.014475969889982565,0.007287319692792726
2024-12-24,0.01772860570514534,0.011478042856583048,0.009373923032739873,0.018074581430745695,0.011042722967758989
2024-12-26,-0.008731717965509755,0.003175832687838831,-0.0027769558190881005,0.012521024107643441,-0.00040562645280495246
2024-12-27,-0.014534243558687598,-0.013242220677939898,-0.017301590924653665,0.0018456995201181492,-0.011055735815118317
2024-12-30,-0.010949720670391017,-0.013263429711647623,-0.013239495505539711,-0.011422254974207902,-0.010702011777237508
2024-12-31,-0.008630817894261344,-0.007057890563045177,-0.0078384294894428,-0.007267983600447114,-0.004284790432948271
2025-01-02,0.003783217101964498,-0.026235923648270876,-0.006927639383155437,-0.03566735498404361,-0.002223873314030289
2025-01-03,0.01802742711833627,-0.002009432027885949,0.011395671078407998,0.0077866459022777335,0.012595956411720177
2025-01-06,0.01525491770373355,0.006738987508218219,0.010629502775481248,0.03399652308286649,0.005538101159955344
2025-01-07,-0.024164140415623203,-0.01138775510204082,-0.012808227182423804,-0.02895572576125549,-0.011103896321238205
2025-01-08,9.004547296376231e-05,0.0020230378597083654,0.00518502734569215,-0.018853405155829117,0.0015603237756451893
2025-01-10,-0.014360959798316308,-0.02410383189122367,-0.013213680045223275,-0.022549019607843057,-0.01541165040341319
2025-01-13,-0.0021923814743765035,-0.010344099641123039,-0.0042009786370688085,0.0016048144433300493,0.0015754139322881056
2025-01-14,-0.003204247917238945,-0.004778156996587013,-0.0036434238596322333,0.020228319647506376,0.001146289893115604
2025-01-15,0.025670462894930246,0.01967592592592604,0.025597228570741093,0.01491951315272888,0.018312792769356268
2025-01-16,-0.012043877322587826,-0.040400218606802096,-0.004058079801083747,0.0027079303675048294,-0.002112636997870454
2025-01-17,0.023928215353938187,0.00753526680101646,0.010480945875924519,-0.01678240740740744,0.009991006073426734
2025-01-21,0.021111799592812286,-0.031915818766849346,-0.0012353448476796203,0.05728860113792433,0.00876821430596375
2025-01-22,0.01863811711672647,0.005344951491196737,0.04130688448074671,-0.02096863982185937,0.006137961132307579
2025-01-23,0.001744606612484656,-0.0007595049814592691,0.0011429852084265946,0.027672479150871787,0.00531351199483443
2025-01-24,-0.0024212046555093236,-0.003934543503532173,-0.005932260303104897,-0.005717447436370371,-0.0028551769899211044
2025-01-27,0.002427081115605745,0.0317802316186373,-0.021393505382155564,0.01873492858467829,-0.0145806426234667
2025-01-28,0.011596295981649796,0.03654398329417896,0.02908689248895424,-0.08885651857246912,0.009217800900823026
2025-01-29,-0.00453495695989925,0.004616805170821969,-0.0108899821109123,-0.005195843325339733,-0.004678873378710091
2025-01-30,-0.010250137090310862,-0.007394719251336945,-0.06180905658671121,-0.005624748895138643,0.0052754370946348494
2025-01-31,0.012956017729287561,-0.006692200850204166,0.00016867876334369925,-0.0008080808080808133,-0.005046803169735048
2025-02-03,-0.0010939077751599413,-0.033855932203389894,-0.009974461523635125,-0.031540638900121376,-0.007608603880785325
2025-02-04,0.019543425153736083,0.021007850532871464,0.0035286673805119406,0.013987473903966707,0.007224871842350655
2025-02-05,-0.024332810047095865,-0.0014175257731959823,0.002231006135266833,-0.01564751904467776,0.003908656680821743
2025-02-06,0.011263073209975882,0.003226222738417883,0.006121609523578986,0.002509935160008414,0.00364432448840879
2025-02-07,-0.040530921576016454,-0.023968784838350077,-0.014597662450098636,-0.011266430210723932,-0.009464837258386094
2025-02-10,0.017412175430940424,8.786188112286375e-05,0.006028065893837864,-0.01730322852922561,0.006712589964470439
2025-02-11,-0.0016299219353178573,0.021831759279595797,-0.0018921934889137848,0.0027914966716771072,0.00033957312690802155
2025-02-12,-0.01645471730537884,0.018270140142722102,-0.005833171300797191,0.021199143468950687,-0.002723902117491961
2025-02-13,0.006290132354868305,0.01967323848524516,0.003667123019753582,0.004193751310547444,0.010426357037460532
2025-02-14,-0.007336024655988149,0.012710636359872352,-0.005139572270667969,0.010022969304656515,-7.195338728738232e-05
2025-02-18,-0.008877033409130708,-0.0005314799672935244,0.002962563964449272,-0.004961753152780579,0.0024449557863681637
2025-02-19,-8.824178248401093e-05,0.001636192579866691,0.012523191094619746,-0.006856430500727262,0.002376998097748828
2025-02-20,-0.016546794334377668,0.0039204475844325515,0.0032789256696483804,0.001882845188284632,-0.004334204080303938
2025-02-21,-0.0282663316582914,-0.0011389984948948495,-0.019032513877874746,-0.03340989768218838,-0.0170641044083224
2025-02-24,-0.017868685935912842,0.006312360008144946,-0.01031331912496014,0.006048822639879159,-0.0049691258961639395
2025-02-25,0.0004231112782662194,-0.00024281667341163882,-0.015099009900990112,0.0030062271848829702,-0.004679730915472358
2025-02-26,0.007283834586466087,-0.027040155440414382,0.004599145513948244,0.037465210875615496,0.0001360144410393893
2025-02-27,-0.026172148355493308,-0.01273090364453322,-0.018012158206789697,-0.01712752785802718,-0.01586451446090209
2025-02-28,0.016958896234550158,0.01913190054782965,0.011362188877283463,0.03149275666596685,0.015854114170776867
2025-03-03,-0.0342001130582249,-0.015754217664571635,-0.021411118667976514,-0.035619784245878305,-0.017596775547904953
2025-03-04,-0.005950638962052501,-0.008822417342351785,0.0003088882596720133,-0.045588856057408256,-0.012234773630190987
2025-03-05,0.022374877330716414,-0.0008053236129360597,0.031934330048120074,0.07209199469261374,0.011159281084776262
2025-03-06,-0.03676329429832992,-0.0017392042080257575,-0.010298738217545234,-0.026402640264026278,-0.017819030128555013
2025-03-07,-0.007224713502740343,0.01589257638210162,-0.00902013152258807,0.005084745762711673,0.005520587189728143
2025-03-10,-0.02363864491844425,-0.048479524825364995,-0.03343418677379162,0.013490725126475533,-0.026973068524487775
2025-03-11,0.010537678626503677,-0.029189379286091,0.0007628367003365,0.004159733777038266,-0.007567823658488071
2025-03-12,0.011699476066941328,-0.017478717623618967,0.007412274937574015,-0.007870753935377062,0.004886873280486537
2025-03-13,-0.02513952436019906,-0.03364365379297618,-0.011741070263782682,-0.01649269311064716,-0.013891022092047178
2025-03-14,0.020939708081902042,0.018170545593285015,0.02584681996990268,0.026109106346847932,0.021265883307494793
2025-03-17,-0.011164435463500766,0.0023888706730994524,0.0003603047148446059,0.013653289201489338,0.006416099479689574
2025-03-18,-0.014917748033105194,-0.006121495327102822,-0.013326472858245397,-0.00673469387755099,-0.010653519220738983
2025-03-19,0.014106420495799243,0.011989280173021921,0.011211931581143197,0.023012122457365836,0.010798516740105457
2025-03-20,-0.003017285465889308,-0.005296413306076997,-0.002526945490175847,-0.007029524000803367,-0.002184910374623983
2025-03-21,0.006463195691202905,0.019476879962634364,0.011425912521972892,0.007281553398058138,0.0008246672635350283
2025-03-24,0.03593089037255992,0.011270444861868123,0.004651638296784721,0.03333333333333344,0.017646041682840563
2025-03-25,0.01205352750172195,0.013681873782449117,0.005291543706115842,0.021958802953750522,0.0015743198608773046
2025-03-26,-0.022264352729570835,-0.009921787709497254,-0.013133920437291224,-0.031184635862331223,-0.01115698545004451
2025-03-27,0.001143539004623939,0.01047262221820966,0.0015642228889400922,-0.07360157016683022,-0.0033069570393192693
2025-03-28,-0.042908224076281365,-0.026580299307571997,-0.03016027446361813,-0.011016949152542477,-0.019737200328104554
2025-03-31,-0.012764632627646377,0.01941257457549339,-0.009002111932418178,0.007497857754927173,0.0055384935154294546
2025-04-01,0.010038894144854371,0.004771980371854223,0.01811449425930367,0.004890495428449881,0.003781284246727745
2025-04-02,0.019982307332049754,0.003136341233926254,-0.00013082498233862871,0.015234870926787991,0.006728125160880394
2025-04-03,-0.08979133717667465,-0.09245611684309252,-0.02363008321557536,-0.04335139641517294,-0.04839560075260485
2025-04-04,-0.04153354632587858,-0.07288744524828983,-0.035565918897912274,-0.037472766884531605,-0.05974961641947041
2025-04-07,0.02491228070175433,-0.03673426053721196,-0.005502445531347155,-0.014712539610683528,-0.0023314571311449095
2025-04-08,-0.026246719160104903,-0.049818141739226385,-0.009221483261610763,-0.024121295658166897,-0.015700528421156545
2025-04-09,0.11977030352748153,0.15328848161466202,0.10133686823104693,0.07674199623352185,0.09515390034057347
2025-04-10,-0.051700680272108834,-0.042393764143827006,-0.023406489282696064,-0.04394403148229131,-0.034607561069471604
2025-04-11,0.020141264761063926,0.040594475370234306,0.018618067392159432,-0.0022867596615594454,0.018092083408471682
2025-04-14,-0.014875317790880027,0.022053999495331933,-0.0016475736903075466,0.03460921384368554,0.007944646639420183
2025-04-15,-0.01389193938062816,-0.001876357890578828,-0.005363451174544176,-0.01329198050509528,-0.0017277195396940837
2025-04-16,-0.02928893590957171,-0.03893341248639548,-0.03660591605527186,-0.007184553210597189,-0.022408428964001637
2025-04-17,-0.009866345436815194,0.013949657692901463,-0.010306504130674687,0.007914970601537785,0.0013268381447011368
2025-04-21,-0.030647123573373625,-0.019392831759569518,-0.023546685518516464,-0.004038590980480095,-0.023567493895167213
2025-04-22,0.035022710972985927,0.03406502381445442,0.02144130095789709,0.017346249155214988,0.02511728897677501
2025-04-23,0.04284559417946632,0.024331631120456443,0.02063682460062144,0.015057573073516517,0.016661119264111734
2025-04-24,0.03289036544850488,0.01842619745845564,0.034482758620689724,0.022687609075043635,0.02025908412793509
2025-04-25,0.013133912297630612,0.004367231367279345,0.011747998967208906,0.004906143344709735,0.007373144179245283
2025-04-28,-0.0068257579766126675,0.004109327217125314,-0.0017608778869465658,0.0027594990447887824,0.0006406996295162948
2025-04-29,-0.001651571656899331,0.005091843532882834,0.007362716024133409,-0.00635055038103316,0.0058023965634184105
2025-04-30,-0.015849298254976274,0.006107665356754,0.0030961323723479595,-0.036216446527481794,0.0014799948928487794
2025-05-01,0.031341503090771106,0.0038588235294116924,0.07625360522187918,-0.0041998231653405105,0.006299088176460632
2025-05-02,-0.0011566771819138122,-0.03736171010688172,0.02322519981194171,0.005549389567147678,0.014726612825518126
2025-05-05,-0.01910727444994209,-0.0314584855125396,0.002044660907921436,0.0017660044150111798,-0.0063815906321273985
2025-05-06,-0.007190770056345608,-0.0019106038513750923,-0.006557076369305581,0.0017628911414719894,-0.007693287885062627
2025-05-07,0.01999891897735262,-0.011384816885799176,9.231266298970198e-05,0.0002199736031676114,0.004346422539330819
2025-05-08,0.01785808913147169,0.006318471337579679,0.011122649128879614,0.041345942379590994,0.005799747126763233
2025-05-09,0.005102040816326481,0.005266089422249154,0.001278042768788401,0.0031678986272438703,-0.0007115188367108338
2025-05-12,0.08070030042473841,0.06175389109958185,0.024001094066965933,0.04442105263157892,0.03255882160670387
2025-05-13,0.013084739263803824,0.010152284263959421,-0.00026710590749234875,0.017133642410804395,0.007248224304822415
2025-05-14,-0.00529876519846717,-0.002817827455032118,0.008460613617135015,-0.0029726516052318575,0.001024369112638146
2025-05-15,-0.024161712247324663,-0.004144492064239724,0.00041948160904303755,-0.0037765851719341326,0.004132315556174104
2025-05-16,0.0020470829068577334,-0.000898557578623782,0.0025158343080351475,0.004988028731045535,0.0070053220166539365
2025-05-19,0.0027725083904859282,-0.011739089273880454,0.010126136438681987,-0.006750049632717858,0.000876077054501545
2025-05-20,-0.01013775708187814,-0.009196283168885877,-0.0015254865212369628,0.003597841295222892,-0.0038802065866255786
2025-05-21,-0.014455823981966875,-0.0230590737696994,-0.012222537486086038,-0.0167297351125274,-0.016135114115741978
2025-05-22,0.00984486873508339,-0.003612251966945368,0.005059990719667784,-0.0018229694146242315,-0.0004448543187653975
2025-05-23,-0.010388970950270693,-0.030244338498212175,-0.010288880094974306,-0.01197240259740262,-0.006708307585916562
2025-05-27,0.025026120702522414,0.025298304911148595,0.02334621706872797,0.008215239268843932,0.020459018201495205
2025-05-28,-0.006310066983787999,0.0010488986564105574,-0.007228288002778416,-0.01955591770217968,-0.005571185873944895
2025-05-29,0.004787026182102361,-0.002345075341782299,0.0028861290886827984,0.009557448576771321,0.004011174227950942
2025-05-30,-0.00335439961108408,0.004501125281320295,0.0036626842242957203,0.020991973657131124,-8.118846379590039e-05
2025-06-02,0.007999609775132921,0.004232013940751678,0.003497263011556173,-0.03870187462205199,0.00410204188649943
2025-06-03,-0.004548753931768679,0.007783837382250969,0.0021646427257180356,0.028727196477249084,0.005800260784307065
2025-06-04,0.007389042827281145,-0.002213804299699973,0.0019439704516490686,-0.02833265389319206,7.369727504324963e-05
2025-06-05,0.003281378178835226,-0.010797751701015712,0.00821350809494037,-0.008810572687224738,-0.005277340930292529
2025-06-06,0.02722331778173248,0.016398345212580434,0.005773178241532673,0.00465608465608458,0.010280672806559643
2025-06-09,0.01596666198436103,-0.012112593173793651,0.00503847952719072,0.009690330735201202,0.0009199448033119229
2025-06-10,0.0029034934095308884,0.006056093323405287,-0.003870967741935405,0.020863759649488944,0.005482960032501483
2025-06-11,-0.020265612793529786,-0.01919376326047262,0.003609954981737884,0.019211117923564336,-0.002743918089822439
2025-06-12,0.00018761726078819763,0.0021128886205854513,0.013224154712030867,-0.012231802686986204,0.0038224979409655635
2025-06-13,-0.005346088913899871,-0.013805220883534086,-0.008165055234197194,-0.012383272431993442,-0.01129645375054178
2025-06-16,0.01885902876001877,0.01002799694578771,0.008800741115041255,0.012744090441932254,0.009392719053299414
2025-06-17,-0.005923183711244784,-0.014010684406813856,-0.002295779939057385,-0.02009336310127874,-0.008352242873078675
2025-06-18,-0.010706638115631661,0.004804743406256584,0.004602125345159358,-0.00393537696768842,-0.00030922389816012696
