date,Custom Volatility
2020-06-11,
2020-06-12,
2020-06-15,
2020-06-16,
2020-06-17,
2020-06-18,
2020-06-19,
2020-06-22,
2020-06-23,
2020-06-24,
2020-06-25,
2020-06-26,
2020-06-29,
2020-06-30,
2020-07-01,
2020-07-02,
2020-07-06,
2020-07-07,
2020-07-08,
2020-07-09,
2020-07-10,
2020-07-13,
2020-07-14,
2020-07-15,
2020-07-16,
2020-07-17,
2020-07-20,
2020-07-21,
2020-07-22,
2020-07-23,
2020-07-24,0.33951097512030864
2020-07-27,0.34217912701564174
2020-07-28,0.343082279993022
2020-07-29,0.34517456167464766
2020-07-30,0.34366728763549975
2020-07-31,0.34334071124249466
2020-08-03,0.35622474862796866
2020-08-04,0.3520158781631635
2020-08-05,0.3494704204188415
2020-08-06,0.33902751031380624
2020-08-07,0.3380753942055018
2020-08-10,0.31554461992905075
2020-08-11,0.3319214475431584
2020-08-12,0.3525954871141441
2020-08-13,0.3529703366748115
2020-08-14,0.35312821002654526
2020-08-17,0.39227574928171843
2020-08-18,0.39426074741110495
2020-08-19,0.3881884577729447
2020-08-20,0.3826737576380443
2020-08-21,0.39839833049875906
2020-08-24,0.3721414085856564
2020-08-25,0.36498467546053653
2020-08-26,0.3596683478252107
2020-08-27,0.36018499734100695
2020-08-28,0.3730532056416968
2020-08-31,0.36824134485735155
2020-09-01,0.3671714712734992
2020-09-02,0.3762599389969946
2020-09-03,0.46836675148260937
2020-09-04,0.4821792930914447
2020-09-08,0.513998035007926
2020-09-09,0.5398506311759748
2020-09-10,0.5496406801363873
2020-09-11,0.5516474314029236
2020-09-14,0.5724798673522762
2020-09-15,0.5651555793881988
2020-09-16,0.5770060294309438
2020-09-17,0.5774864276091759
2020-09-18,0.5822264230888571
2020-09-21,0.5843648249194584
2020-09-22,0.5841588077842602
2020-09-23,0.591447757738115
2020-09-24,0.5740826349123603
2020-09-25,0.58491717460213
2020-09-28,0.5852083910608173
2020-09-29,0.555201285400472
2020-09-30,0.5573371647435851
2020-10-01,0.5558437474945299
2020-10-02,0.570773227517619
2020-10-05,0.570728726000007
2020-10-06,0.5708626500964604
2020-10-07,0.5720566390481129
2020-10-08,0.5731373314316595
2020-10-09,0.5722108420160621
2020-10-12,0.5685467065145954
2020-10-13,0.5671251973131873
2020-10-14,0.5606218260462447
2020-10-15,0.5501421774481752
2020-10-16,0.4771520923831312
2020-10-19,0.47274321741937264
2020-10-20,0.4388700404329801
2020-10-21,0.397608669301977
2020-10-22,0.3864356565249298
2020-10-23,0.3857793563285126
2020-10-26,0.36422511070435065
2020-10-27,0.3675632639912701
2020-10-28,0.3902188189523818
2020-10-29,0.39961760895529325
2020-10-30,0.410292643851243
2020-11-02,0.4030560765249815
2020-11-03,0.4145970792673011
2020-11-04,0.42704096204296427
2020-11-05,0.4299257184324823
2020-11-06,0.4213015400094977
2020-11-09,0.4644218692219783
2020-11-10,0.49924419139515624
2020-11-11,0.5171084757605073
2020-11-12,0.5168989711368145
2020-11-13,0.5038978280435671
2020-11-16,0.48934529789963016
2020-11-17,0.4893337106331249
2020-11-18,0.4868998784424524
2020-11-19,0.48635776919393675
2020-11-20,0.49177701177534533
2020-11-23,0.48055847940561686
2020-11-24,0.48156479291636767
2020-11-25,0.48570097505054594
2020-11-27,0.48528914221926917
2020-11-30,0.4854732917642587
2020-12-01,0.4810205657558653
2020-12-02,0.48103867065896594
2020-12-03,0.48118746311714555
2020-12-04,0.4809751109610658
2020-12-07,0.4785902953624982
2020-12-08,0.4717153854806445
2020-12-09,0.47729245010761945
2020-12-10,0.4460088672788539
2020-12-11,0.4371620561706851
2020-12-14,0.4266078007396191
2020-12-15,0.42660060458980914
2020-12-16,0.4162945903575044
2020-12-17,0.378728159704424
2020-12-18,0.369675569012175
2020-12-21,0.3591084602730895
2020-12-22,0.30885020521187034
2020-12-23,0.25369877817456615
2020-12-24,0.20433040990171925
2020-12-28,0.20466904225943938
2020-12-29,0.20255299401657742
2020-12-30,0.20232185193625907
2020-12-31,0.20217272522360988
2021-01-04,0.2025781970567287
2021-01-05,0.21312409825218545
2021-01-06,0.26345973755266733
2021-01-07,0.3140085227530404
2021-01-08,0.3114660771817974
2021-01-11,0.3143978623850284
2021-01-12,0.3161116742327703
2021-01-13,0.31488421944543604
2021-01-14,0.32305608083144793
2021-01-15,0.3293435517582187
2021-01-19,0.33092778246445903
2021-01-20,0.3380984364122777
2021-01-21,0.3551942325337372
2021-01-22,0.3521599088195558
2021-01-25,0.33888057053247944
2021-01-26,0.34258725175173405
2021-01-27,0.3616783075345116
2021-01-28,0.3564070315874213
2021-01-29,0.35638010962030664
2021-02-01,0.36004579461169645
2021-02-02,0.3661440378732053
2021-02-03,0.36581375879758776
2021-02-04,0.36654722009759594
2021-02-05,0.36672588612293056
2021-02-08,0.4017710090094286
2021-02-09,0.40427087037523785
2021-02-10,0.41314648755050903
2021-02-11,0.421184895665874
2021-02-12,0.42598258227554425
2021-02-16,0.4284001134052881
2021-02-17,0.43901748700654697
2021-02-18,0.4367430981832034
2021-02-19,0.3942147354234314
2021-02-22,0.3823517267959948
2021-02-23,0.3854057117594194
2021-02-24,0.3853311883112015
2021-02-25,0.455583117507939
2021-02-26,0.46378145112142016
2021-03-01,0.4581139513940898
2021-03-02,0.46115784282913724
2021-03-03,0.4795581580832843
2021-03-04,0.4823698366928186
2021-03-05,0.4686213486571096
2021-03-08,0.5066042604601652
2021-03-09,0.5637685161520937
2021-03-10,0.5624299111412882
2021-03-11,0.5649693525778264
2021-03-12,0.5651032657890519
2021-03-15,0.569691407658776
2021-03-16,0.5674679623965931
2021-03-17,0.5632147778458467
2021-03-18,0.579156354185637
2021-03-19,0.5792602037727055
2021-03-22,0.5846975231530551
2021-03-23,0.5537969907992936
2021-03-24,0.5600518142536873
2021-03-25,0.5481243259258508
2021-03-26,0.5431685658539849
2021-03-29,0.5429314122176406
2021-03-30,0.5359503744044785
2021-03-31,0.5454420026760513
2021-04-01,0.5561124749112959
2021-04-05,0.5572474617991771
2021-04-06,0.5469487786143532
2021-04-07,0.5483299519068406
2021-04-08,0.5445394509917013
2021-04-09,0.48559280289949175
2021-04-12,0.5038310786876576
2021-04-13,0.5096639892846577
2021-04-14,0.5065217788609873
2021-04-15,0.5045072395572706
2021-04-16,0.49356402299437535
2021-04-19,0.5093993712140624
2021-04-20,0.4582715541666822
2021-04-21,0.40641336750052703
2021-04-22,0.4218969090371163
2021-04-23,0.4137950083892235
2021-04-26,0.41166623290800863
2021-04-27,0.40920985920407876
2021-04-28,0.4106066888501929
2021-04-29,0.4106496662162924
2021-04-30,0.3885431672572322
2021-05-03,0.3914303877841822
2021-05-04,0.40107023929330243
2021-05-05,0.39957289154833603
2021-05-06,0.38423495827654486
2021-05-07,0.3846462660607346
2021-05-10,0.39950897133204755
2021-05-11,0.3992642666407883
2021-05-12,0.41671910656715444
2021-05-13,0.40414712693463245
2021-05-14,0.4098443378590061
2021-05-17,0.4086950068171013
2021-05-18,0.4089881003280598
2021-05-19,0.40491715398330913
2021-05-20,0.4184418595141981
2021-05-21,0.424528681096811
2021-05-24,0.4098374290973816
2021-05-25,0.4000974217692648
2021-05-26,0.3926226489767259
2021-05-27,0.3580863005379332
2021-05-28,0.3832999828441259
2021-06-01,0.368205986361665
2021-06-02,0.37536611112060164
2021-06-03,0.3751349464558478
2021-06-04,0.3696844116151238
2021-06-07,0.3636375066525631
2021-06-08,0.364900360660932
2021-06-09,0.36471923770089
2021-06-10,0.36328361390238534
2021-06-11,0.36705490316951433
2021-06-14,0.3591958341070714
2021-06-15,0.35983450376845894
2021-06-16,0.34049480334698845
2021-06-17,0.35995762855797453
2021-06-18,0.3608585423362203
2021-06-21,0.3636569516444525
2021-06-22,0.34196035294327853
2021-06-23,0.34135889559957944
2021-06-24,0.30935922579537317
2021-06-25,0.3108871752071458
2021-06-28,0.319250114178929
2021-06-29,0.31676769051713494
2021-06-30,0.31225161916605015
2021-07-01,0.3112509441949259
2021-07-02,0.30137184467628203
2021-07-06,0.29822754148933267
2021-07-07,0.29371715676191046
2021-07-08,0.30771895869094373
2021-07-09,0.3073600349178322
2021-07-12,0.30303183695980346
2021-07-13,0.28624814891644673
2021-07-14,0.29692950836002957
2021-07-15,0.321424969821544
2021-07-16,0.3481798961859482
2021-07-19,0.34670927172705013
2021-07-20,0.34830480440047
2021-07-21,0.3660767100727596
2021-07-22,0.36526814988954615
2021-07-23,0.36565815508551947
2021-07-26,0.36471426702995235
2021-07-27,0.36449537289793493
2021-07-28,0.3633742880766105
2021-07-29,0.36358261848650203
2021-07-30,0.33988153807976823
2021-08-02,0.3412826563986529
2021-08-03,0.33891353357456405
2021-08-04,0.33768427280641766
2021-08-05,0.34027025436565383
2021-08-06,0.34300750166978455
2021-08-09,0.3417752076884616
2021-08-10,0.3142206769965669
2021-08-11,0.3161132485573549
2021-08-12,0.31769338735483943
2021-08-13,0.31887814156824884
2021-08-16,0.31799995700123734
2021-08-17,0.3235453754618597
2021-08-18,0.3260824585112413
2021-08-19,0.3415214826987091
2021-08-20,0.37229164732709785
2021-08-23,0.39867940819064235
2021-08-24,0.3972921709004505
2021-08-25,0.39391402689724636
2021-08-26,0.3684344339242559
2021-08-27,0.3435207174448891
2021-08-30,0.3344284912880116
2021-08-31,0.33633015006467554
2021-09-01,0.3180451902936467
2021-09-02,0.31837975228400234
2021-09-03,0.32070227878951874
2021-09-07,0.31807305128925145
2021-09-08,0.32201109540520717
2021-09-09,0.3225524436439844
2021-09-10,0.32345114547644155
2021-09-13,0.3262465530666776
2021-09-14,0.32528171539123363
2021-09-15,0.32527761804160304
2021-09-16,0.32135490500185704
2021-09-17,0.3224860667382064
2021-09-20,0.33842736630533576
2021-09-21,0.3383648508515311
2021-09-22,0.3447187989047893
2021-09-23,0.34680152725145696
2021-09-24,0.3522698018207924
2021-09-27,0.3568246853978349
2021-09-28,0.37989346670073953
2021-09-29,0.37315675673885723
2021-09-30,0.36692202122690615
2021-10-01,0.3499132821191793
2021-10-04,0.346666629984569
2021-10-05,0.32419977146266793
2021-10-06,0.3263748860385351
2021-10-07,0.3258778105095265
2021-10-08,0.3269804310617502
2021-10-11,0.3165475930479657
2021-10-12,0.3162232287569904
2021-10-13,0.3179464922943077
2021-10-14,0.339046483593751
2021-10-15,0.3394568863375912
2021-10-18,0.3379339245403451
2021-10-19,0.3374080847958564
2021-10-20,0.33580589323563287
2021-10-21,0.3438967197417676
2021-10-22,0.3418534022365701
2021-10-25,0.3428708101561493
2021-10-26,0.3915016599435139
2021-10-27,0.39381481643514754
2021-10-28,0.3960075724043701
2021-10-29,0.39617150326842754
2021-11-01,0.37619288364905284
2021-11-02,0.37870633092833145
2021-11-03,0.3712619018672811
2021-11-04,0.49449928534430354
2021-11-05,0.4888317895803623
2021-11-08,0.48573234775216684
2021-11-09,0.458394191176026
2021-11-10,0.47925902335265996
2021-11-11,0.4823121978443365
2021-11-12,0.48253441767869076
2021-11-15,0.4522977095249659
2021-11-16,0.448063566271378
2021-11-17,0.46633538713662204
2021-11-18,0.5092718776507413
2021-11-19,0.5090090519128163
2021-11-22,0.5234061601390657
2021-11-23,0.5250203623767825
2021-11-24,0.5265551776093971
2021-11-26,0.5420303202391324
2021-11-29,0.5579908630721274
2021-11-30,0.5674801412713935
2021-12-01,0.5862066208300978
2021-12-02,0.5835058935263063
2021-12-03,0.6055127930774421
2021-12-06,0.6121035464068928
2021-12-07,0.6441030256216849
2021-12-08,0.628264611805439
2021-12-09,0.6432585753698813
2021-12-10,0.6442158463025334
2021-12-13,0.6768994501326097
2021-12-14,0.676692679547978
2021-12-15,0.7056060135540156
2021-12-16,0.737126820683954
2021-12-17,0.6507014156978677
2021-12-20,0.6507133937439558
2021-12-21,0.6586624309773071
2021-12-22,0.6594950882287538
2021-12-23,0.6496340915701727
2021-12-27,0.6557990726596115
2021-12-28,0.6588299640795273
2021-12-29,0.658626004683063
2021-12-30,0.6597648747457535
2021-12-31,0.65341241667482
2022-01-03,0.610389354886718
2022-01-04,0.6014776569927114
2022-01-05,0.6168683837392781
2022-01-06,0.621094931036804
2022-01-07,0.6191386539595369
2022-01-10,0.6129935960338232
2022-01-11,0.5858821650298529
2022-01-12,0.5849420537054594
2022-01-13,0.5924129758983058
2022-01-14,0.5895966764375644
2022-01-18,0.5862331164978601
2022-01-19,0.5896778264387557
2022-01-20,0.5382394941036798
2022-01-21,0.5417803322111016
2022-01-24,0.5335680930349938
2022-01-25,0.5440511117615044
2022-01-26,0.521596132155411
2022-01-27,0.5271207606586776
2022-01-28,0.48871865873786124
2022-01-31,0.5104084255192982
2022-02-01,0.5088662384422317
2022-02-02,0.5152433713335106
2022-02-03,0.5097115686677215
2022-02-04,0.5111569947952229
2022-02-07,0.5138355397496454
2022-02-08,0.4960865670339761
2022-02-09,0.5340353729109992
2022-02-10,0.540621247493472
2022-02-11,0.5750695245204803
2022-02-14,0.5779133749465475
2022-02-15,0.6385217950482375
2022-02-16,0.6344896163357517
2022-02-17,0.6497913244159595
2022-02-18,0.652172432879354
2022-02-22,0.6470314185808854
2022-02-23,0.6557491831002146
2022-02-24,0.6812303048262397
2022-02-25,0.6834377521723697
2022-02-28,0.6698326726307959
2022-03-01,0.6757637869787649
2022-03-02,0.6748506383396629
2022-03-03,0.6712508882886093
2022-03-04,0.6694088764807298
2022-03-07,0.6927058024762124
2022-03-08,0.6932426065619279
2022-03-09,0.7107463800328371
2022-03-10,0.7102778981071812
2022-03-11,0.7057280625256797
2022-03-14,0.7027701312696987
2022-03-15,0.7071118290180588
2022-03-16,0.7337677978109597
2022-03-17,0.7310678755238122
2022-03-18,0.7394777171131482
2022-03-21,0.7389779935921611
2022-03-22,0.7387690840981628
2022-03-23,0.7454443176321837
2022-03-24,0.7765422376718794
2022-03-25,0.7712023451669162
2022-03-28,0.7378507396665401
2022-03-29,0.7380589805155916
2022-03-30,0.7008094026759832
2022-03-31,0.7024949469133815
2022-04-01,0.6673267977678241
2022-04-04,0.6592657552896427
2022-04-05,0.6789880839546607
2022-04-06,0.6900123650253486
2022-04-07,0.6691749350420804
2022-04-08,0.680663891023215
2022-04-11,0.6958455808776943
2022-04-12,0.6899504874072783
2022-04-13,0.6903972289309372
2022-04-14,0.6982149292732815
2022-04-18,0.696619742442761
2022-04-19,0.6676374155304329
2022-04-20,0.6748458125330653
2022-04-21,0.6647636766683925
2022-04-22,0.6693527878484674
2022-04-25,0.6697852342052242
2022-04-26,0.6811839897805227
2022-04-27,0.6385181633314779
2022-04-28,0.6460108228515323
2022-04-29,0.6635412372283259
2022-05-02,0.6497843525807723
2022-05-03,0.6482413706163037
2022-05-04,0.6622570836115712
2022-05-05,0.6852022286530601
2022-05-06,0.6045933373940635
2022-05-09,0.6472997119161805
2022-05-10,0.6585065582048917
2022-05-11,0.6620503026342347
2022-05-12,0.6608527159745768
2022-05-13,0.7356616598460111
2022-05-16,0.7361519694802581
2022-05-17,0.7536378433433785
2022-05-18,0.7623232259963447
2022-05-19,0.7526516931851659
2022-05-20,0.7537656730507494
2022-05-23,0.7498047944886723
2022-05-24,0.7464001115975116
2022-05-25,0.765860657609127
2022-05-26,0.776028418809457
2022-05-27,0.7869345776409914
2022-05-31,0.7827235529857526
2022-06-01,0.7806740905693117
2022-06-02,0.8051655126822289
2022-06-03,0.7962637189982534
2022-06-06,0.7907535151434664
2022-06-07,0.7889385679914726
2022-06-08,0.7727466351749693
2022-06-09,0.7764735297688926
2022-06-10,0.7632769132804434
2022-06-13,0.7748662187300718
2022-06-14,0.75748726573735
2022-06-15,0.7705626036283089
2022-06-16,0.7741717864004434
2022-06-17,0.7517722272153485
2022-06-21,0.7643996611306113
2022-06-22,0.7164479135848674
2022-06-23,0.7073096985455596
2022-06-24,0.7074027345193727
2022-06-27,0.7039996305706951
2022-06-28,0.6646835250915935
2022-06-29,0.6653462234935011
2022-06-30,0.6464303661280584
2022-07-01,0.628571044423414
2022-07-05,0.6352016830179352
2022-07-06,0.6333156702438029
2022-07-07,0.6489375461378938
2022-07-08,0.6359717273423301
2022-07-11,0.6289689645287427
2022-07-12,0.6075576363258014
2022-07-13,0.5826070460441662
2022-07-14,0.5855729242264325
2022-07-15,0.5910343742359256
2022-07-18,0.5543927633917632
2022-07-19,0.5693417969135736
2022-07-20,0.5879691826852106
2022-07-21,0.5889903623246409
2022-07-22,0.5988516037701952
2022-07-25,0.5938260396092008
2022-07-26,0.5736992376140029
2022-07-27,0.566406881745528
2022-07-28,0.5662603029909645
2022-07-29,0.554555277771195
2022-08-01,0.5253201230641638
2022-08-02,0.524126226894414
2022-08-03,0.5136015915070277
2022-08-04,0.5120776484723182
2022-08-05,0.5131526791931778
2022-08-08,0.5282829209597674
2022-08-09,0.5395551527941291
2022-08-10,0.5401265178427589
2022-08-11,0.5330980227132134
2022-08-12,0.5361310993999807
2022-08-15,0.5154129384375791
2022-08-16,0.5139414866312059
2022-08-17,0.5248036010393363
2022-08-18,0.512629029743
2022-08-19,0.53673077176007
2022-08-22,0.538623392596495
2022-08-23,0.5380616323514568
2022-08-24,0.5381117701848045
2022-08-25,0.5472276127716239
2022-08-26,0.6125554509917491
2022-08-29,0.6155857323899685
2022-08-30,0.5955175760998491
2022-08-31,0.5788143898697661
2022-09-01,0.6115632112625946
2022-09-02,0.6050826383214926
2022-09-06,0.604599953069572
2022-09-07,0.6051325553948264
2022-09-08,0.5595357307903416
2022-09-09,0.5669148824087271
2022-09-12,0.5665054291661467
2022-09-13,0.6171043642906517
2022-09-14,0.6162082449311078
2022-09-15,0.6096502332264001
2022-09-16,0.6111533517932577
2022-09-19,0.615549702594309
2022-09-20,0.5954613666812056
2022-09-21,0.5900378830070078
2022-09-22,0.5686304956008471
2022-09-23,0.5690934865568146
2022-09-26,0.5461723695838684
2022-09-27,0.5450543426495917
2022-09-28,0.5571972735774855
2022-09-29,0.5613903098905623
2022-09-30,0.5511920642576028
2022-10-03,0.555218438655171
2022-10-04,0.5748484817594476
2022-10-05,0.5736349218077447
2022-10-06,0.5728283069567954
2022-10-07,0.5900493836623759
2022-10-10,0.5439898356880624
2022-10-11,0.5414094462717579
2022-10-12,0.5403877271257482
2022-10-13,0.556652548170872
2022-10-14,0.5418250780667775
2022-10-17,0.5719477904818683
2022-10-18,0.5720652844420454
2022-10-19,0.5694001572439511
2022-10-20,0.5667301080287481
2022-10-21,0.5641532044186179
2022-10-24,0.564586298992007
2022-10-25,0.5178092069299627
2022-10-26,0.5241355274716588
2022-10-27,0.5257728509413678
2022-10-28,0.5412654299196465
2022-10-31,0.5452299112950332
2022-11-01,0.5431813177507592
2022-11-02,0.5477977238990226
2022-11-03,0.525312153703528
2022-11-04,0.5463701820015053
2022-11-07,0.5400915444064833
2022-11-08,0.5412945166008984
2022-11-09,0.5664880471498931
2022-11-10,0.6811025934122569
2022-11-11,0.6838920666366552
2022-11-14,0.6823204711671114
2022-11-15,0.6714316136294491
2022-11-16,0.689562785409775
2022-11-17,0.691384046590773
2022-11-18,0.6453111973493596
2022-11-21,0.6341344915861834
2022-11-22,0.6409708492192171
2022-11-23,0.6403558671671165
2022-11-25,0.640025686143474
2022-11-28,0.6137901412061295
2022-11-29,0.6012808850538378
2022-11-30,0.6362859214583623
2022-12-01,0.6360603417575854
2022-12-02,0.6411236577644797
2022-12-05,0.6450893036521829
2022-12-06,0.6597337247572592
2022-12-07,0.6466562455062543
2022-12-08,0.6591260713466758
2022-12-09,0.6607700982616533
2022-12-12,0.6534567646222331
2022-12-13,0.6487914513998392
2022-12-14,0.6553843586095454
2022-12-15,0.6647591898184839
2022-12-16,0.6706988324480742
2022-12-19,0.6597369229642661
2022-12-20,0.6610491137202539
2022-12-21,0.6621378850970175
2022-12-22,0.6746179006378181
2022-12-23,0.5321057546139212
2022-12-27,0.5580266983073509
2022-12-28,0.5580148679647178
2022-12-29,0.5671402551354975
2022-12-30,0.553193120391719
2023-01-03,0.5544463465168922
2023-01-04,0.5603752439538773
2023-01-05,0.5677339336722598
2023-01-06,0.5637393777148204
2023-01-09,0.577883992389205
2023-01-10,0.5788999676972272
2023-01-11,0.5734090088166753
2023-01-12,0.5788488969913953
2023-01-13,0.5321711986637155
2023-01-17,0.5482381056811451
2023-01-18,0.5490781416456634
2023-01-19,0.5571161134240964
2023-01-20,0.5736472649222074
2023-01-23,0.6098368834232984
2023-01-24,0.58398383057718
2023-01-25,0.5824255886860238
2023-01-26,0.5799947271640465
2023-01-27,0.5794629181349881
2023-01-30,0.6039763554410045
2023-01-31,0.5908730503569218
2023-02-01,0.6147698045448557
2023-02-02,0.6141640181403272
2023-02-03,0.6216322687666331
2023-02-06,0.6205005029304224
2023-02-07,0.5845272046849596
2023-02-08,0.5819986454122293
2023-02-09,0.5240903396660656
2023-02-10,0.5527227744955644
2023-02-13,0.5483609240246403
2023-02-14,0.5588671207269241
2023-02-15,0.553771880229657
2023-02-16,0.5702201836284972
2023-02-17,0.5669639362385335
2023-02-21,0.5776540109108361
2023-02-22,0.5652419206348644
2023-02-23,0.67956824172827
2023-02-24,0.6846712229077383
2023-02-27,0.6825321444280479
2023-02-28,0.685357312655163
2023-03-01,0.6834847682031039
2023-03-02,0.680307411387716
2023-03-03,0.6673122469105175
2023-03-06,0.6535587832783571
2023-03-07,0.6256732437872005
2023-03-08,0.6319885506005116
2023-03-09,0.6418562895190466
2023-03-10,0.6443334569879878
2023-03-13,0.6407743862346792
2023-03-14,0.6223570082405835
2023-03-15,0.6214064918156871
2023-03-16,0.6076723888259327
2023-03-17,0.6012324313102266
2023-03-20,0.5923038496873001
2023-03-21,0.5919237886832925
2023-03-22,0.5776182524407695
2023-03-23,0.5804915424395443
2023-03-24,0.5841307830136584
2023-03-27,0.5631326615452836
2023-03-28,0.5620269582591618
2023-03-29,0.5459842887287931
2023-03-30,0.5446549785538365
2023-03-31,0.5315446662902933
2023-04-03,0.5205168914389002
2023-04-04,0.5109032840053893
2023-04-05,0.5184433771329413
2023-04-06,0.3381246345099331
2023-04-10,0.3352709028709451
2023-04-11,0.3404254816287778
2023-04-12,0.34787303831326183
2023-04-13,0.338918188236223
2023-04-14,0.3332857877771097
2023-04-17,0.32811399844938816
2023-04-18,0.3284745528589536
2023-04-19,0.3248014409500172
2023-04-20,0.32642231735381383
2023-04-21,0.309755850782714
2023-04-24,0.301568442645504
2023-04-25,0.31810137256049675
2023-04-26,0.2994344876152962
2023-04-27,0.2998210348422399
2023-04-28,0.26416015535178966
2023-05-01,0.28706688942139247
2023-05-02,0.2983565563669011
2023-05-03,0.30143094312302493
2023-05-04,0.30197647046401666
2023-05-05,0.31417200774962867
2023-05-08,0.31256766210614945
2023-05-09,0.31765231411496325
2023-05-10,0.3178291621250996
2023-05-11,0.3153678097151265
2023-05-12,0.31441367649744717
2023-05-15,0.31757289937814764
2023-05-16,0.31799151132374
2023-05-17,0.3249093762668983
2023-05-18,0.3431080524149463
2023-05-19,0.3474823846848673
2023-05-22,0.34521831136001035
2023-05-23,0.3456371195039295
2023-05-24,0.33585549113010676
2023-05-25,0.7681015419432613
2023-05-26,0.768916639810764
2023-05-30,0.7701924725251519
2023-05-31,0.7964150510086616
2023-06-01,0.8046307446894503
2023-06-02,0.7978193119220073
2023-06-05,0.7986132576110325
2023-06-06,0.801010605034303
2023-06-07,0.8013305030603046
2023-06-08,0.8013371069464592
2023-06-09,0.8015007943203954
2023-06-12,0.8014518409698933
2023-06-13,0.8006174433831797
2023-06-14,0.7990302375891222
2023-06-15,0.7971717186419791
2023-06-16,0.7951376353677347
2023-06-20,0.7923161647668865
2023-06-21,0.7979280472528871
2023-06-22,0.7927263225066672
2023-06-23,0.7986727459551707
2023-06-26,0.8094806915621676
2023-06-27,0.8084723845871683
2023-06-28,0.8135238257978046
2023-06-29,0.8155723234659263
2023-06-30,0.8162968407379003
2023-07-03,0.8090110935079263
2023-07-05,0.8067622696972068
2023-07-06,0.8071915972665761
2023-07-07,0.803188265944172
2023-07-10,0.8037079568817566
2023-07-11,0.40430625276790966
2023-07-12,0.4096686213307739
2023-07-13,0.4221592367433245
2023-07-14,0.38301969361243104
2023-07-17,0.3619608244945023
2023-07-18,0.3616048834740959
2023-07-19,0.3630094166077924
2023-07-20,0.37666957601987605
2023-07-21,0.3737446274702352
2023-07-24,0.368111857000754
2023-07-25,0.3721217282095826
2023-07-26,0.37142185882168244
2023-07-27,0.3575634873547438
2023-07-28,0.3352550117828841
2023-07-31,0.3337690197263266
2023-08-01,0.3345110026198441
2023-08-02,0.3583914907172126
2023-08-03,0.3545641743880129
2023-08-04,0.35456585396936563
2023-08-07,0.3517557673908963
2023-08-08,0.33600603874850277
2023-08-09,0.3562067358106894
2023-08-10,0.35198174104090224
2023-08-11,0.3676081832277884
2023-08-14,0.40824530686656957
2023-08-15,0.4083194956524284
2023-08-16,0.4096213567293987
2023-08-17,0.40941412909340674
2023-08-18,0.408711053587574
2023-08-21,0.4743437296707352
2023-08-22,0.4831095793607288
2023-08-23,0.48124446368601
2023-08-24,0.4623113466181095
2023-08-25,0.46687753875166205
2023-08-28,0.46547346308053533
2023-08-29,0.4764095566504367
2023-08-30,0.47606348271006743
2023-08-31,0.464315665636311
2023-09-01,0.45988532423559286
2023-09-05,0.459832013952992
2023-09-06,0.46564834698429436
2023-09-07,0.46851221615074545
2023-09-08,0.46981157467621143
2023-09-11,0.4671718926434645
2023-09-12,0.46750807357152835
2023-09-13,0.4692910083559392
2023-09-14,0.4468402220522793
2023-09-15,0.460071914987925
2023-09-18,0.45997005242976674
2023-09-19,0.4580693622838662
2023-09-20,0.46329059539811596
2023-09-21,0.4503954477205753
2023-09-22,0.4524382727388642
2023-09-25,0.4412583385622849
2023-09-26,0.389765395480833
2023-09-27,0.3917405773150378
2023-09-28,0.39317595609310024
2023-09-29,0.39398713317326456
2023-10-02,0.40281103837428645
2023-10-03,0.3252979131048856
2023-10-04,0.31868027872627586
2023-10-05,0.30709455966585
2023-10-06,0.3158523018127381
2023-10-09,0.309546356325851
2023-10-10,0.30692292826308465
2023-10-11,0.2884816413409306
2023-10-12,0.2868798546712735
2023-10-13,0.2997337632029111
2023-10-16,0.30016336577136954
2023-10-17,0.3274880273573901
2023-10-18,0.33494071879461457
2023-10-19,0.332298341118887
2023-10-20,0.3330880086244046
2023-10-23,0.353459831574518
2023-10-24,0.3565263695199167
2023-10-25,0.37412516209967284
2023-10-26,0.3852008071915339
2023-10-27,0.37274807505682034
2023-10-30,0.3765382703977419
2023-10-31,0.3763572743560404
2023-11-01,0.3841623375192022
2023-11-02,0.3818373906990746
2023-11-03,0.3916987719049768
2023-11-06,0.39219635801523617
2023-11-07,0.3909909394460357
2023-11-08,0.3909711477288182
2023-11-09,0.3898081886653214
2023-11-10,0.39693943276628857
2023-11-13,0.3895364723025654
2023-11-14,0.38145524660754043
2023-11-15,0.3851963506941215
2023-11-16,0.3846079758173886
2023-11-17,0.38026718322239694
2023-11-20,0.3822237412249867
2023-11-21,0.3833366587343574
2023-11-22,0.38709695716536724
2023-11-24,0.3917727332834759
2023-11-27,0.3800144454422181
2023-11-28,0.3795939664052451
2023-11-29,0.3509669071842819
2023-11-30,0.34046615503263133
2023-12-01,0.34017087273007446
2023-12-04,0.3466643128346809
2023-12-05,0.33599687517040333
2023-12-06,0.3417922916442765
2023-12-07,0.3203246260715111
2023-12-08,0.3016307903703738
2023-12-11,0.30966293053002425
2023-12-12,0.31196309835160957
2023-12-13,0.3091564159554301
2023-12-14,0.29359238992182785
2023-12-15,0.28598046771850605
2023-12-18,0.2780088749773019
2023-12-19,0.2778875639640192
2023-12-20,0.29367526979469194
2023-12-21,0.295748179226566
2023-12-22,0.29548649113055614
2023-12-26,0.28431804220065
2023-12-27,0.2839959967573739
2023-12-28,0.27720043623959484
2023-12-29,0.2732523059530763
2024-01-02,0.2824914091006913
2024-01-03,0.2844267771892237
2024-01-04,0.2773241230220408
2024-01-05,0.2850387071069862
2024-01-08,0.3319381332365119
2024-01-09,0.3278430150379081
2024-01-10,0.33207427016911123
2024-01-11,0.3300191375285738
2024-01-12,0.3305417884086277
2024-01-16,0.3235972607123691
2024-01-17,0.325052041357405
2024-01-18,0.311237084691354
2024-01-19,0.3235154610815755
2024-01-22,0.31016614027619865
2024-01-23,0.3072686939228624
2024-01-24,0.3093158872665384
2024-01-25,0.2987340889371382
2024-01-26,0.3012277628117021
2024-01-29,0.3043450801849843
2024-01-30,0.3043923699449012
2024-01-31,0.31539700557388367
2024-02-01,0.31541425295461245
2024-02-02,0.333140341471769
2024-02-05,0.32859290683221837
2024-02-06,0.33819948084433127
2024-02-07,0.338451501824319
2024-02-08,0.34277918370472277
2024-02-09,0.34851697052470015
2024-02-12,0.34861620512024005
2024-02-13,0.34918306080008354
2024-02-14,0.3291837621313157
2024-02-15,0.3324903713133541
2024-02-16,0.33504572918905107
2024-02-20,0.3730364073673736
2024-02-21,0.35652956845977546
2024-02-22,0.5742526440454424
2024-02-23,0.5743147894397321
2024-02-26,0.5748626982654963
2024-02-27,0.5755831496832011
2024-02-28,0.5778277913745654
2024-02-29,0.5758581227006626
2024-03-01,0.5812573178079145
2024-03-04,0.5790322822857931
2024-03-05,0.5784105263564755
2024-03-06,0.5802941828751051
2024-03-07,0.5864197054110417
2024-03-08,0.6200280263311508
2024-03-11,0.6240204978178153
2024-03-12,0.6467995540010333
2024-03-13,0.6503548630183387
2024-03-14,0.6569541715232635
2024-03-15,0.6571963792153607
2024-03-18,0.6474609682481269
2024-03-19,0.637679160317661
2024-03-20,0.6331691194380553
2024-03-21,0.6310482641982099
2024-03-22,0.6321137478238688
2024-03-25,0.6277397590754807
2024-03-26,0.6358242769961482
2024-03-27,0.642773898128093
2024-03-28,0.641190168955544
2024-04-01,0.6375088105464606
2024-04-02,0.639201822493415
2024-04-03,0.6219795195628816
2024-04-04,0.625221857009256
2024-04-05,0.4217406774451558
2024-04-08,0.42372910213769166
2024-04-09,0.42945950577473296
2024-04-10,0.4315208853122525
2024-04-11,0.4416178102466192
2024-04-12,0.449463214913684
2024-04-15,0.4435422589666596
2024-04-16,0.43401475908361226
2024-04-17,0.4484188039085019
2024-04-18,0.43864577563209944
2024-04-19,0.5029053027991984
2024-04-22,0.5001767357977824
2024-04-23,0.5098580953803978
2024-04-24,0.4694120671028537
2024-04-25,0.48386674186888107
2024-04-26,0.5099748238335469
2024-04-29,0.5099536819735122
2024-04-30,0.5116114960851731
2024-05-01,0.5224559841491404
2024-05-02,0.5313051399556138
2024-05-03,0.5401735431694445
2024-05-06,0.5438293082471712
2024-05-07,0.5455125719501652
2024-05-08,0.5404917401820571
2024-05-09,0.5382012073883145
2024-05-10,0.5394598915118913
2024-05-13,0.5396842236295812
2024-05-14,0.5394669671794289
2024-05-15,0.5481706624940216
2024-05-16,0.5372293491134852
2024-05-17,0.5377277898959625
2024-05-20,0.540335401992302
2024-05-21,0.5356392498002298
2024-05-22,0.5341608931502422
2024-05-23,0.5849806581802772
2024-05-24,0.5797931301192155
2024-05-28,0.599252115903241
2024-05-29,0.5989643882802484
2024-05-30,0.5982979418938057
2024-05-31,0.6004786387346756
2024-06-03,0.5136527536194748
2024-06-04,0.5061106276735083
2024-06-05,0.5139297213695788
2024-06-06,0.5004444347421138
2024-06-07,0.49767262013618085
2024-06-10,0.47599924426720286
2024-06-11,0.47800738294524514
2024-06-12,0.4761280066788538
2024-06-13,0.45406508931617884
2024-06-14,0.45086866005466036
2024-06-17,0.45104588911412136
2024-06-18,0.4498857844650647
2024-06-20,0.46347794733517444
2024-06-21,0.47990051725953986
2024-06-24,0.5247689132722104
2024-06-25,0.5505922684466984
2024-06-26,0.550998720401549
2024-06-27,0.5582262372288121
2024-06-28,0.5545828418692916
2024-07-01,0.5534518344840679
2024-07-02,0.55061753868595
2024-07-03,0.558761870499632
2024-07-05,0.5653292504991733
2024-07-08,0.5641899780738828
2024-07-09,0.5093939122265699
2024-07-10,0.5097436881705065
2024-07-11,0.5081757716886488
2024-07-12,0.5089226774549916
2024-07-15,0.4942233983562244
2024-07-16,0.49676128234909
2024-07-17,0.5202445445739076
2024-07-18,0.5243149870675481
2024-07-19,0.5084123944080479
2024-07-22,0.5260232807929259
2024-07-23,0.5266292641692222
2024-07-24,0.5627943437237695
2024-07-25,0.5644240434344782
2024-07-26,0.5539869949150124
2024-07-29,0.542741682621145
2024-07-30,0.5709962969263982
2024-07-31,0.6929729072360834
2024-08-01,0.70722323950159
2024-08-02,0.7027353563029848
2024-08-05,0.7187421163790102
2024-08-06,0.7065472570089112
2024-08-07,0.6867573601981408
2024-08-08,0.7145094807287248
2024-08-09,0.713340610607152
2024-08-12,0.7253885135971025
2024-08-13,0.7517701904414446
2024-08-14,0.7526265943662227
2024-08-15,0.7499912756608285
2024-08-16,0.748942771357296
2024-08-19,0.7574886944190217
2024-08-20,0.7569428584429363
2024-08-21,0.7532933587432372
2024-08-22,0.743318661591059
2024-08-23,0.7539082446173896
2024-08-26,0.7567559391910846
2024-08-27,0.756083621752604
2024-08-28,0.7317837691559522
2024-08-29,0.7532867533733997
2024-08-30,0.7503005708518797
2024-09-03,0.7873200141181893
2024-09-04,0.7881722944536487
2024-09-05,0.7647571210137789
2024-09-06,0.7721405212236863
2024-09-09,0.7793075040972925
2024-09-10,0.7797879945523273
2024-09-11,0.7846754776400363
2024-09-12,0.6946837376574507
2024-09-13,0.6639531547626275
2024-09-16,0.6644545250612316
2024-09-17,0.6348455154366772
2024-09-18,0.6310918198280409
2024-09-19,0.6173628489732466
2024-09-20,0.5981861514747985
2024-09-23,0.5979324130444752
2024-09-24,0.5973498676437965
2024-09-25,0.5713882322096685
2024-09-26,0.5698724544039764
2024-09-27,0.5619471455332419
2024-09-30,0.560427427714678
2024-10-01,0.5541229182126859
2024-10-02,0.5539052747296993
2024-10-03,0.5624469540334487
2024-10-04,0.5539654368886475
2024-10-07,0.5417250419812298
2024-10-08,0.5495488904218044
2024-10-09,0.5484088060898481
2024-10-10,0.5456524919539056
2024-10-11,0.5078173451852979
2024-10-14,0.5100726659349095
2024-10-15,0.4418439124649299
2024-10-16,0.44145592526327854
2024-10-17,0.4414500470522907
2024-10-18,0.415907361547267
2024-10-21,0.4194034359704026
2024-10-22,0.4203639943927665
2024-10-23,0.375632104977756
2024-10-24,0.3736420326562179
2024-10-25,0.37324372357343016
2024-10-28,0.36760503375956594
2024-10-29,0.3642435583433417
2024-10-30,0.36105422240268453
2024-10-31,0.38033880844740725
2024-11-01,0.3780141807577176
2024-11-04,0.3778985539130492
2024-11-05,0.3703867109517877
2024-11-06,0.3816647120466615
2024-11-07,0.38466752549552785
2024-11-08,0.3783734465940898
2024-11-11,0.38375577519777443
2024-11-12,0.36362063048389437
2024-11-13,0.3682339225370041
2024-11-14,0.3596935049306167
2024-11-15,0.37515765926724737
2024-11-18,0.3744997011913153
2024-11-19,0.382510007795021
2024-11-20,0.383600204262078
2024-11-21,0.3817279602311071
2024-11-22,0.39514982019409106
2024-11-25,0.4089677557550601
2024-11-26,0.384564422693069
2024-11-27,0.3757575130670747
2024-11-29,0.3800469391259415
2024-12-02,0.37949417192505486
2024-12-03,0.36097963091226465
2024-12-04,0.37523048133168724
2024-12-05,0.3652889257166181
2024-12-06,0.36936172349009994
2024-12-09,0.3763170966747837
2024-12-10,0.38370453147029837
2024-12-11,0.3947531404149438
2024-12-12,0.39493921648327024
2024-12-13,0.3753657426438245
2024-12-16,0.3740636339103802
2024-12-17,0.3751813010649625
2024-12-18,0.3655639361614781
2024-12-19,0.3456603969520355
2024-12-20,0.35183572741752156
2024-12-23,0.3699286221528416
2024-12-24,0.36766452824096696
2024-12-26,0.3618222754839673
2024-12-27,0.364499418160256
2024-12-30,0.3645189788602922
2024-12-31,0.35867546538634293
2025-01-02,0.3683173803773332
2025-01-03,0.36339473360535024
2025-01-06,0.37619635258383416
2025-01-07,0.41808651901344884
2025-01-08,0.40762416542550073
2025-01-10,0.39847734183847233
2025-01-13,0.4021306441935416
2025-01-14,0.40201367426895324
2025-01-15,0.4095423992104935
2025-01-16,0.41326460334149756
2025-01-17,0.42205654983910723
2025-01-21,0.4146970503464422
2025-01-22,0.4347112700233574
2025-01-23,0.431010987181031
2025-01-24,0.4344501061260017
2025-01-27,0.6556422931104298
2025-01-28,0.7021952267235722
2025-01-29,0.7106448332126442
2025-01-30,0.7086297570468144
2025-01-31,0.7147210285898403
2025-02-03,0.7182403654754776
2025-02-04,0.7199706130591365
2025-02-05,0.7355336423299605
2025-02-06,0.7355630809611742
2025-02-07,0.7276640135219087
2025-02-10,0.7327618891535489
2025-02-11,0.7329074143936865
2025-02-12,0.7313019165334268
2025-02-13,0.7371255383035895
2025-02-14,0.7372040500333339
2025-02-18,0.7325450530858102
2025-02-19,0.7210148025461824
2025-02-20,0.7138994096835303
2025-02-21,0.7004500518470615
2025-02-24,0.7059959551034677
2025-02-25,0.7053294814033031
2025-02-26,0.7114972546818974
2025-02-27,0.7528195017509727
2025-02-28,0.7553598317898381
2025-03-03,0.7934490631106652
2025-03-04,0.7890947266702839
2025-03-05,0.7863857074327304
2025-03-06,0.7863971312923045
2025-03-07,0.790001863447223
2025-03-10,0.7970260211418333
2025-03-11,0.6357319056814886
2025-03-12,0.6079798863830346
2025-03-13,0.5971374380347012
2025-03-14,0.6171081807844936
2025-03-17,0.6096673456248712
2025-03-18,0.6123383467303749
2025-03-19,0.6125939173216963
2025-03-20,0.5933825523691463
2025-03-21,0.5858040898536627
2025-03-24,0.5931662400848283
2025-03-25,0.5862594007013697
2025-03-26,0.6073399190441201
2025-03-27,0.6087011170990636
2025-03-28,0.5995523808299935
2025-03-31,0.59167369398023
2025-04-01,0.5948412612868983
2025-04-02,0.5952531592438007
2025-04-03,0.6281696345208517
2025-04-04,0.6491550184136484
2025-04-07,0.6597324032556329
2025-04-08,0.6573951319429326
2025-04-09,0.8602600530160006
2025-04-10,0.8421479472183483
2025-04-11,0.838824422719289
2025-04-14,0.7998788490990199
2025-04-15,0.7993120149084566
2025-04-16,0.8228384900819492
2025-04-17,0.8103570166686644
2025-04-21,0.8174017790222103
2025-04-22,0.8078852536357015
2025-04-23,0.8146416805318735
2025-04-24,0.7991807680095974
2025-04-25,0.8095933399836902
2025-04-28,0.7957735873493106
2025-04-29,0.7946178197542372
2025-04-30,0.7886579573957542
2025-05-01,0.7902598111642242
2025-05-02,0.7935864481965061
2025-05-05,0.7935107929103541
2025-05-06,0.7878890586643644
2025-05-07,0.7931707992749585
2025-05-08,0.7741692572175237
2025-05-09,0.7716382558455074
2025-05-12,0.7838233890107825
2025-05-13,0.7959543664363523
2025-05-14,0.801825640739284
2025-05-15,0.8024072144156327
2025-05-16,0.7601576521941662
2025-05-19,0.7179063086009589
2025-05-20,0.717429240864033
2025-05-21,0.7192842793497707
2025-05-22,0.4895765993456265
2025-05-23,0.4530975760051648
2025-05-27,0.45348909079893507
2025-05-28,0.4541184926957622
2025-05-29,0.4597912702949889
2025-05-30,0.4148260376658654
2025-06-02,0.3996079601597123
2025-06-03,0.3660100066870876
2025-06-04,0.36598482493956225
2025-06-05,0.3647207155895366
2025-06-06,0.35663866711196324
2025-06-09,0.3424648841075649
