date,Realized Volatility
2020-06-11,0.027073
2020-06-12,0.02865
2020-06-15,0.028424
2020-06-16,0.028871
2020-06-17,0.028647
2020-06-18,0.028537
2020-06-19,0.028384
2020-06-22,0.028361
2020-06-23,0.028239
2020-06-24,0.028337
2020-06-25,0.027551
2020-06-26,0.02722
2020-06-29,0.026851
2020-06-30,0.026253
2020-07-01,0.025915
2020-07-02,0.025709
2020-07-06,0.025711
2020-07-07,0.025444
2020-07-08,0.02504
2020-07-09,0.023478
2020-07-10,0.022919
2020-07-13,0.02379
2020-07-14,0.024732
2020-07-15,0.024971
2020-07-16,0.025434
2020-07-17,0.02526
2020-07-20,0.025287
2020-07-21,0.025258
2020-07-22,0.025209
2020-07-23,0.025336
2020-07-24,0.025745
2020-07-27,0.023892
2020-07-28,0.023407
2020-07-29,0.02295
2020-07-30,0.023023
2020-07-31,0.023269
2020-08-03,0.023419
2020-08-04,0.023538
2020-08-05,0.023464
2020-08-06,0.023059
2020-08-07,0.023159
2020-08-10,0.023868
2020-08-11,0.023746
2020-08-12,0.023878
2020-08-13,0.024159
2020-08-14,0.024195
2020-08-17,0.024764
2020-08-18,0.024905
2020-08-19,0.024776
2020-08-20,0.02493
2020-08-21,0.025122
2020-08-24,0.024394
2020-08-25,0.023409
2020-08-26,0.023094
2020-08-27,0.022604
2020-08-28,0.022649
2020-08-31,0.02283
2020-09-01,0.023141
2020-09-02,0.026391
2020-09-03,0.02755
2020-09-04,0.030588
2020-09-08,0.034456
2020-09-09,0.035578
2020-09-10,0.036265
2020-09-11,0.036934
2020-09-14,0.039574
2020-09-15,0.03997
2020-09-16,0.040064
2020-09-17,0.040698
2020-09-18,0.041068
2020-09-21,0.041079
2020-09-22,0.040882
2020-09-23,0.041078
2020-09-24,0.041186
2020-09-25,0.041331
2020-09-28,0.041381
2020-09-29,0.041154
2020-09-30,0.041072
2020-10-01,0.041226
2020-10-02,0.04141
2020-10-05,0.041274
2020-10-06,0.041301
2020-10-07,0.041462
2020-10-08,0.041503
2020-10-09,0.041465
2020-10-12,0.041612
2020-10-13,0.041431
2020-10-14,0.04129
2020-10-15,0.039323
2020-10-16,0.038222
2020-10-19,0.035195
2020-10-20,0.031493
2020-10-21,0.030318
2020-10-22,0.02946
2020-10-23,0.028551
2020-10-26,0.025202
2020-10-27,0.024449
2020-10-28,0.024566
2020-10-29,0.023935
2020-10-30,0.024038
2020-11-02,0.023928
2020-11-03,0.023816
2020-11-04,0.023971
2020-11-05,0.024078
2020-11-06,0.024008
2020-11-09,0.024576
2020-11-10,0.02499
2020-11-11,0.025337
2020-11-12,0.025396
2020-11-13,0.025106
2020-11-16,0.025238
2020-11-17,0.024872
2020-11-18,0.024856
2020-11-19,0.025088
2020-11-20,0.025176
2020-11-23,0.025039
2020-11-24,0.024944
2020-11-25,0.024824
2020-11-27,0.024642
2020-11-30,0.024855
2020-12-01,0.024642
2020-12-02,0.024784
2020-12-03,0.024776
2020-12-04,0.02459
2020-12-07,0.024522
2020-12-08,0.02383
2020-12-09,0.024008
2020-12-10,0.023592
2020-12-11,0.023115
2020-12-14,0.022373
2020-12-15,0.022075
2020-12-16,0.021658
2020-12-17,0.020959
2020-12-18,0.0204
2020-12-21,0.020177
2020-12-22,0.0193
2020-12-23,0.018276
2020-12-24,0.017568
2020-12-28,0.017247
2020-12-29,0.016449
2020-12-30,0.016185
2020-12-31,0.016125
2021-01-04,0.016988
2021-01-05,0.016573
2021-01-06,0.016974
2021-01-07,0.017667
2021-01-08,0.017899
2021-01-11,0.018687
2021-01-12,0.018826
2021-01-13,0.018503
2021-01-14,0.018432
2021-01-15,0.01834
2021-01-19,0.018428
2021-01-20,0.018635
2021-01-21,0.019461
2021-01-22,0.019497
2021-01-25,0.019818
2021-01-26,0.019838
2021-01-27,0.020232
2021-01-28,0.020433
2021-01-29,0.020602
2021-02-01,0.020804
2021-02-02,0.020901
2021-02-03,0.021033
2021-02-04,0.020816
2021-02-05,0.020698
2021-02-08,0.024345
2021-02-09,0.024508
2021-02-10,0.02487
2021-02-11,0.024998
2021-02-12,0.025328
2021-02-16,0.025438
2021-02-17,0.024819
2021-02-18,0.024935
2021-02-19,0.024776
2021-02-22,0.024874
2021-02-23,0.0261
2021-02-24,0.026203
2021-02-25,0.028056
2021-02-26,0.02898
2021-03-01,0.029153
2021-03-02,0.02909
2021-03-03,0.029113
2021-03-04,0.030115
2021-03-05,0.031029
2021-03-08,0.031394
2021-03-09,0.032319
2021-03-10,0.032821
2021-03-11,0.033395
2021-03-12,0.03362
2021-03-15,0.033532
2021-03-16,0.033653
2021-03-17,0.033878
2021-03-18,0.03389
2021-03-19,0.033892
2021-03-22,0.03412
2021-03-23,0.031711
2021-03-24,0.031663
2021-03-25,0.032185
2021-03-26,0.031753
2021-03-29,0.031546
2021-03-30,0.03153
2021-03-31,0.0316
2021-04-01,0.03169
2021-04-05,0.031582
2021-04-06,0.030983
2021-04-07,0.030064
2021-04-08,0.029518
2021-04-09,0.027594
2021-04-12,0.027719
2021-04-13,0.027642
2021-04-14,0.027687
2021-04-15,0.02803
2021-04-16,0.026872
2021-04-19,0.025881
2021-04-20,0.025693
2021-04-21,0.023908
2021-04-22,0.023435
2021-04-23,0.022368
2021-04-26,0.021807
2021-04-27,0.021697
2021-04-28,0.021398
2021-04-29,0.021055
2021-04-30,0.020937
2021-05-03,0.021022
2021-05-04,0.021373
2021-05-05,0.021887
2021-05-06,0.021923
2021-05-07,0.021791
2021-05-10,0.021558
2021-05-11,0.022391
2021-05-12,0.02298
2021-05-13,0.023398
2021-05-14,0.023662
2021-05-17,0.023731
2021-05-18,0.023843
2021-05-19,0.024341
2021-05-20,0.024571
2021-05-21,0.025553
2021-05-24,0.02468
2021-05-25,0.024635
2021-05-26,0.024494
2021-05-27,0.023912
2021-05-28,0.024033
2021-06-01,0.023504
2021-06-02,0.023416
2021-06-03,0.023882
2021-06-04,0.023774
2021-06-07,0.024028
2021-06-08,0.024099
2021-06-09,0.024073
2021-06-10,0.024044
2021-06-11,0.023983
2021-06-14,0.023901
2021-06-15,0.023734
2021-06-16,0.023183
2021-06-17,0.023123
2021-06-18,0.023541
2021-06-21,0.023759
2021-06-22,0.023798
2021-06-23,0.022842
2021-06-24,0.022203
2021-06-25,0.021508
2021-06-28,0.021334
2021-06-29,0.021305
2021-06-30,0.021137
2021-07-01,0.020294
2021-07-02,0.020023
2021-07-06,0.019028
2021-07-07,0.018639
2021-07-08,0.019154
2021-07-09,0.019171
2021-07-12,0.019225
2021-07-13,0.019058
2021-07-14,0.018942
2021-07-15,0.019041
2021-07-16,0.019165
2021-07-19,0.020049
2021-07-20,0.020075
2021-07-21,0.020493
2021-07-22,0.020876
2021-07-23,0.020963
2021-07-26,0.021189
2021-07-27,0.021829
2021-07-28,0.022149
2021-07-29,0.022241
2021-07-30,0.021857
2021-08-02,0.021609
2021-08-03,0.021912
2021-08-04,0.021915
2021-08-05,0.022041
2021-08-06,0.021992
2021-08-09,0.021937
2021-08-10,0.021666
2021-08-11,0.021782
2021-08-12,0.021914
2021-08-13,0.02178
2021-08-16,0.02229
2021-08-17,0.02231
2021-08-18,0.022408
2021-08-19,0.024859
2021-08-20,0.025107
2021-08-23,0.025281
2021-08-24,0.025361
2021-08-25,0.025412
2021-08-26,0.025231
2021-08-27,0.024772
2021-08-30,0.024229
2021-08-31,0.023768
2021-09-01,0.023327
2021-09-02,0.02294
2021-09-03,0.023045
2021-09-07,0.022736
2021-09-08,0.022268
2021-09-09,0.021956
2021-09-10,0.021829
2021-09-13,0.022399
2021-09-14,0.022075
2021-09-15,0.021217
2021-09-16,0.021118
2021-09-17,0.020991
2021-09-20,0.022326
2021-09-21,0.02253
2021-09-22,0.022596
2021-09-23,0.022601
2021-09-24,0.022705
2021-09-27,0.023025
2021-09-28,0.023034
2021-09-29,0.022936
2021-09-30,0.022926
2021-10-01,0.019929
2021-10-04,0.020153
2021-10-05,0.020338
2021-10-06,0.020476
2021-10-07,0.020549
2021-10-08,0.020428
2021-10-11,0.020684
2021-10-12,0.020726
2021-10-13,0.020704
2021-10-14,0.021025
2021-10-15,0.02102
2021-10-18,0.020916
2021-10-19,0.020923
2021-10-20,0.020724
2021-10-21,0.020698
2021-10-22,0.02083
2021-10-25,0.020284
2021-10-26,0.022027
2021-10-27,0.022373
2021-10-28,0.022576
2021-10-29,0.022631
2021-11-01,0.021448
2021-11-02,0.021401
2021-11-03,0.021345
2021-11-04,0.026611
2021-11-05,0.027715
2021-11-08,0.027857
2021-11-09,0.029676
2021-11-10,0.031826
2021-11-11,0.032441
2021-11-12,0.032538
2021-11-15,0.032653
2021-11-16,0.032449
2021-11-17,0.032798
2021-11-18,0.037767
2021-11-19,0.038044
2021-11-22,0.039037
2021-11-23,0.039424
2021-11-24,0.039898
2021-11-26,0.039864
2021-11-29,0.04035
2021-11-30,0.040648
2021-12-01,0.040942
2021-12-02,0.041186
2021-12-03,0.041704
2021-12-06,0.042977
2021-12-07,0.043475
2021-12-08,0.042775
2021-12-09,0.042918
2021-12-10,0.04321
2021-12-13,0.043444
2021-12-14,0.043843
2021-12-15,0.044564
2021-12-16,0.045388
2021-12-17,0.042755
2021-12-20,0.04223
2021-12-21,0.04278
2021-12-22,0.041451
2021-12-23,0.039839
2021-12-27,0.039395
2021-12-28,0.039379
2021-12-29,0.039273
2021-12-30,0.039367
2021-12-31,0.038994
2022-01-03,0.034265
2022-01-04,0.03495
2022-01-05,0.034305
2022-01-06,0.034221
2022-01-07,0.033955
2022-01-10,0.035002
2022-01-11,0.034826
2022-01-12,0.034681
2022-01-13,0.034813
2022-01-14,0.034712
2022-01-18,0.034581
2022-01-19,0.033375
2022-01-20,0.03306
2022-01-21,0.034192
2022-01-24,0.037286
2022-01-25,0.037702
2022-01-26,0.039229
2022-01-27,0.040485
2022-01-28,0.040363
2022-01-31,0.039699
2022-02-01,0.040021
2022-02-02,0.040964
2022-02-03,0.040992
2022-02-04,0.041047
2022-02-07,0.041188
2022-02-08,0.04148
2022-02-09,0.041669
2022-02-10,0.04216
2022-02-11,0.042818
2022-02-14,0.043102
2022-02-15,0.04353
2022-02-16,0.043001
2022-02-17,0.043394
2022-02-18,0.043907
2022-02-22,0.044209
2022-02-23,0.043991
2022-02-24,0.046154
2022-02-25,0.04608
2022-02-28,0.04594
2022-03-01,0.046083
2022-03-02,0.045985
2022-03-03,0.045742
2022-03-04,0.04586
2022-03-07,0.045294
2022-03-08,0.043622
2022-03-09,0.043648
2022-03-10,0.042458
2022-03-11,0.041024
2022-03-14,0.040686
2022-03-15,0.040881
2022-03-16,0.040812
2022-03-17,0.039789
2022-03-18,0.039387
2022-03-21,0.039466
2022-03-22,0.03956
2022-03-23,0.03944
2022-03-24,0.039938
2022-03-25,0.039455
2022-03-28,0.038796
2022-03-29,0.038739
2022-03-30,0.038248
2022-03-31,0.038109
2022-04-01,0.037381
2022-04-04,0.036465
2022-04-05,0.036025
2022-04-06,0.036348
2022-04-07,0.033765
2022-04-08,0.033707
2022-04-11,0.034318
2022-04-12,0.034866
2022-04-13,0.034959
2022-04-14,0.035519
2022-04-18,0.035244
2022-04-19,0.035114
2022-04-20,0.034354
2022-04-21,0.035422
2022-04-22,0.035132
2022-04-25,0.035094
2022-04-26,0.034958
2022-04-27,0.034836
2022-04-28,0.035681
2022-04-29,0.03677
2022-05-02,0.036594
2022-05-03,0.03644
2022-05-04,0.037664
2022-05-05,0.03825
2022-05-06,0.038685
2022-05-09,0.03963
2022-05-10,0.041043
2022-05-11,0.041465
2022-05-12,0.042607
2022-05-13,0.043681
2022-05-16,0.043677
2022-05-17,0.044632
2022-05-18,0.045319
2022-05-19,0.044854
2022-05-20,0.046061
2022-05-23,0.04632
2022-05-24,0.046196
2022-05-25,0.045815
2022-05-26,0.047642
2022-05-27,0.04735
2022-05-31,0.047415
2022-06-01,0.047443
2022-06-02,0.047235
2022-06-03,0.046177
2022-06-06,0.046372
2022-06-07,0.04649
2022-06-08,0.046391
2022-06-09,0.046343
2022-06-10,0.045564
2022-06-13,0.046003
2022-06-14,0.045996
2022-06-15,0.046359
2022-06-16,0.045829
2022-06-17,0.045324
2022-06-21,0.044827
2022-06-22,0.043994
2022-06-23,0.042826
2022-06-24,0.042466
2022-06-27,0.041369
2022-06-28,0.040715
2022-06-29,0.04074
2022-06-30,0.040003
2022-07-01,0.039406
2022-07-05,0.039389
2022-07-06,0.039049
2022-07-07,0.037546
2022-07-08,0.037415
2022-07-11,0.037259
2022-07-12,0.034705
2022-07-13,0.03546
2022-07-14,0.035513
2022-07-15,0.035267
2022-07-18,0.035991
2022-07-19,0.03614
2022-07-20,0.036138
2022-07-21,0.035925
2022-07-22,0.03601
2022-07-25,0.035858
2022-07-26,0.035373
2022-07-27,0.034222
2022-07-28,0.034225
2022-07-29,0.033623
2022-08-01,0.03303
2022-08-02,0.033195
2022-08-03,0.032587
2022-08-04,0.032275
2022-08-05,0.032209
2022-08-08,0.035716
2022-08-09,0.036223
2022-08-10,0.036403
2022-08-11,0.036457
2022-08-12,0.036242
2022-08-15,0.035882
2022-08-16,0.035492
2022-08-17,0.035564
2022-08-18,0.035377
2022-08-19,0.035162
2022-08-22,0.035187
2022-08-23,0.035046
2022-08-24,0.034129
2022-08-25,0.034113
2022-08-26,0.034572
2022-08-29,0.033706
2022-08-30,0.033425
2022-08-31,0.033141
2022-09-01,0.036116
2022-09-02,0.036028
2022-09-06,0.035892
2022-09-07,0.03609
2022-09-08,0.035619
2022-09-09,0.035363
2022-09-12,0.03529
2022-09-13,0.036387
2022-09-14,0.036068
2022-09-15,0.035999
2022-09-16,0.036261
2022-09-19,0.036087
2022-09-20,0.032461
2022-09-21,0.032713
2022-09-22,0.032262
2022-09-23,0.032011
2022-09-26,0.031905
2022-09-27,0.032377
2022-09-28,0.032285
2022-09-29,0.032625
2022-09-30,0.032981
2022-10-03,0.033188
2022-10-04,0.033317
2022-10-05,0.033946
2022-10-06,0.034118
2022-10-07,0.035178
2022-10-10,0.035172
2022-10-11,0.035404
2022-10-12,0.035084
2022-10-13,0.037313
2022-10-14,0.03472
2022-10-17,0.034886
2022-10-18,0.036423
2022-10-19,0.036524
2022-10-20,0.036784
2022-10-21,0.03707
2022-10-24,0.037557
2022-10-25,0.036271
2022-10-26,0.037086
2022-10-27,0.038581
2022-10-28,0.038503
2022-10-31,0.038574
2022-11-01,0.038638
2022-11-02,0.038642
2022-11-03,0.038891
2022-11-04,0.03968
2022-11-07,0.039709
2022-11-08,0.040113
2022-11-09,0.040416
2022-11-10,0.042624
2022-11-11,0.042661
2022-11-14,0.042454
2022-11-15,0.042594
2022-11-16,0.042464
2022-11-17,0.042609
2022-11-18,0.041886
2022-11-21,0.041522
2022-11-22,0.041418
2022-11-23,0.041271
2022-11-25,0.039146
2022-11-28,0.039067
2022-11-29,0.038786
2022-11-30,0.037703
2022-12-01,0.037615
2022-12-02,0.037492
2022-12-05,0.037335
2022-12-06,0.037032
2022-12-07,0.037038
2022-12-08,0.036783
2022-12-09,0.035187
2022-12-12,0.035187
2022-12-13,0.036993
2022-12-14,0.037071
2022-12-15,0.036717
2022-12-16,0.036191
2022-12-19,0.035204
2022-12-20,0.035207
2022-12-21,0.034303
2022-12-22,0.03519
2022-12-23,0.032028
2022-12-27,0.031906
2022-12-28,0.031784
2022-12-29,0.031648
2022-12-30,0.03126
2023-01-03,0.031497
2023-01-04,0.031325
2023-01-05,0.031353
2023-01-06,0.031981
2023-01-09,0.033076
2023-01-10,0.033056
2023-01-11,0.032787
2023-01-12,0.033811
2023-01-13,0.033572
2023-01-17,0.033387
2023-01-18,0.033039
2023-01-19,0.033065
2023-01-20,0.033282
2023-01-23,0.033866
2023-01-24,0.033418
2023-01-25,0.033638
2023-01-26,0.034014
2023-01-27,0.032416
2023-01-30,0.032455
2023-01-31,0.031966
2023-02-01,0.032472
2023-02-02,0.033003
2023-02-03,0.033782
2023-02-06,0.034033
2023-02-07,0.033024
2023-02-08,0.033162
2023-02-09,0.033195
2023-02-10,0.03415
2023-02-13,0.034297
2023-02-14,0.034721
2023-02-15,0.034341
2023-02-16,0.03436
2023-02-17,0.034478
2023-02-21,0.033937
2023-02-22,0.033051
2023-02-23,0.039972
2023-02-24,0.040052
2023-02-27,0.039243
2023-02-28,0.039095
2023-03-01,0.039112
2023-03-02,0.039103
2023-03-03,0.038949
2023-03-06,0.038658
2023-03-07,0.038192
2023-03-08,0.037968
2023-03-09,0.037793
2023-03-10,0.037455
2023-03-13,0.037296
2023-03-14,0.03718
2023-03-15,0.037261
2023-03-16,0.036979
2023-03-17,0.036686
2023-03-20,0.035988
2023-03-21,0.036018
2023-03-22,0.036179
2023-03-23,0.036275
2023-03-24,0.035999
2023-03-27,0.034956
2023-03-28,0.034448
2023-03-29,0.033929
2023-03-30,0.033588
2023-03-31,0.033116
2023-04-03,0.032811
2023-04-04,0.032344
2023-04-05,0.032466
2023-04-06,0.023436
2023-04-10,0.023275
2023-04-11,0.023097
2023-04-12,0.023099
2023-04-13,0.02303
2023-04-14,0.022913
2023-04-17,0.022817
2023-04-18,0.023042
2023-04-19,0.022834
2023-04-20,0.023085
2023-04-21,0.022745
2023-04-24,0.022546
2023-04-25,0.022049
2023-04-26,0.022256
2023-04-27,0.022229
2023-04-28,0.021621
2023-05-01,0.021485
2023-05-02,0.021271
2023-05-03,0.021121
2023-05-04,0.02027
2023-05-05,0.019743
2023-05-08,0.01961
2023-05-09,0.01957
2023-05-10,0.019695
2023-05-11,0.019581
2023-05-12,0.019704
2023-05-15,0.019812
2023-05-16,0.020062
2023-05-17,0.020192
2023-05-18,0.020035
2023-05-19,0.019956
2023-05-22,0.020032
2023-05-23,0.020078
2023-05-24,0.020235
2023-05-25,0.047829
2023-05-26,0.047942
2023-05-30,0.04886
2023-05-31,0.049134
2023-06-01,0.049298
2023-06-02,0.049284
2023-06-05,0.049342
2023-06-06,0.049364
2023-06-07,0.0496
2023-06-08,0.049408
2023-06-09,0.049362
2023-06-12,0.04943
2023-06-13,0.049511
2023-06-14,0.049644
2023-06-15,0.049561
2023-06-16,0.049644
2023-06-20,0.049638
2023-06-21,0.049754
2023-06-22,0.049892
2023-06-23,0.049844
2023-06-26,0.050211
2023-06-27,0.050241
2023-06-28,0.050567
2023-06-29,0.050472
2023-06-30,0.050577
2023-07-03,0.050434
2023-07-05,0.050482
2023-07-06,0.050429
2023-07-07,0.050461
2023-07-10,0.050391
2023-07-11,0.025662
2023-07-12,0.02554
2023-07-13,0.023938
2023-07-14,0.024295
2023-07-17,0.024187
2023-07-18,0.024464
2023-07-19,0.024394
2023-07-20,0.02475
2023-07-21,0.0243
2023-07-24,0.024204
2023-07-25,0.024025
2023-07-26,0.024104
2023-07-27,0.024363
2023-07-28,0.024135
2023-07-31,0.02389
2023-08-01,0.023669
2023-08-02,0.024284
2023-08-03,0.024148
2023-08-04,0.02406
2023-08-07,0.024043
2023-08-08,0.023444
2023-08-09,0.023678
2023-08-10,0.02337
2023-08-11,0.023595
2023-08-14,0.023975
2023-08-15,0.024466
2023-08-16,0.024473
2023-08-17,0.024493
2023-08-18,0.025084
2023-08-21,0.025875
2023-08-22,0.026647
2023-08-23,0.026803
2023-08-24,0.029248
2023-08-25,0.029001
2023-08-28,0.029253
2023-08-29,0.029172
2023-08-30,0.029316
2023-08-31,0.028855
2023-09-01,0.028856
2023-09-05,0.02877
2023-09-06,0.028889
2023-09-07,0.02938
2023-09-08,0.029007
2023-09-11,0.029265
2023-09-12,0.029449
2023-09-13,0.029548
2023-09-14,0.028974
2023-09-15,0.028961
2023-09-18,0.029687
2023-09-19,0.029645
2023-09-20,0.029574
2023-09-21,0.029459
2023-09-22,0.029175
2023-09-25,0.029081
2023-09-26,0.028621
2023-09-27,0.02842
2023-09-28,0.028436
2023-09-29,0.0285
2023-10-02,0.028076
2023-10-03,0.027493
2023-10-04,0.026756
2023-10-05,0.026449
2023-10-06,0.023689
2023-10-09,0.023066
2023-10-10,0.022457
2023-10-11,0.021946
2023-10-12,0.021854
2023-10-13,0.022045
2023-10-16,0.021973
2023-10-17,0.024344
2023-10-18,0.024976
2023-10-19,0.024509
2023-10-20,0.024566
2023-10-23,0.024584
2023-10-24,0.024444
2023-10-25,0.02465
2023-10-26,0.025243
2023-10-27,0.02544
2023-10-30,0.024736
2023-10-31,0.025329
2023-11-01,0.025215
2023-11-02,0.02539
2023-11-03,0.025507
2023-11-06,0.025388
2023-11-07,0.025291
2023-11-08,0.025046
2023-11-09,0.02531
2023-11-10,0.025229
2023-11-13,0.025052
2023-11-14,0.025061
2023-11-15,0.025262
2023-11-16,0.025284
2023-11-17,0.025067
2023-11-20,0.024687
2023-11-21,0.02474
2023-11-22,0.025467
2023-11-24,0.025385
2023-11-27,0.025221
2023-11-28,0.025111
2023-11-29,0.022872
2023-11-30,0.022056
2023-12-01,0.021751
2023-12-04,0.021683
2023-12-05,0.021178
2023-12-06,0.021463
2023-12-07,0.021017
2023-12-08,0.020234
2023-12-11,0.020074
2023-12-12,0.019743
2023-12-13,0.018923
2023-12-14,0.019075
2023-12-15,0.018611
2023-12-18,0.018417
2023-12-19,0.018456
2023-12-20,0.018552
2023-12-21,0.01868
2023-12-22,0.01811
2023-12-26,0.017879
2023-12-27,0.017775
2023-12-28,0.01727
2023-12-29,0.017114
2024-01-02,0.017351
2024-01-03,0.017609
2024-01-04,0.01764
2024-01-05,0.017626
2024-01-08,0.016858
2024-01-09,0.01775
2024-01-10,0.01783
2024-01-11,0.018334
2024-01-12,0.018134
2024-01-16,0.018159
2024-01-17,0.018361
2024-01-18,0.018686
2024-01-19,0.019164
2024-01-22,0.018922
2024-01-23,0.019029
2024-01-24,0.019789
2024-01-25,0.019893
2024-01-26,0.019903
2024-01-29,0.019913
2024-01-30,0.019797
2024-01-31,0.020221
2024-02-01,0.020169
2024-02-02,0.020565
2024-02-05,0.021392
2024-02-06,0.022042
2024-02-07,0.022266
2024-02-08,0.022334
2024-02-09,0.022526
2024-02-12,0.023276
2024-02-13,0.024353
2024-02-14,0.024503
2024-02-15,0.024339
2024-02-16,0.024571
2024-02-20,0.025295
2024-02-21,0.025766
2024-02-22,0.032054
2024-02-23,0.03316
2024-02-26,0.033054
2024-02-27,0.033226
2024-02-28,0.033256
2024-02-29,0.033292
2024-03-01,0.033118
2024-03-04,0.033499
2024-03-05,0.03359
2024-03-06,0.033964
2024-03-07,0.033727
2024-03-08,0.035827
2024-03-11,0.036409
2024-03-12,0.037276
2024-03-13,0.037468
2024-03-14,0.037617
2024-03-15,0.037832
2024-03-18,0.038536
2024-03-19,0.038804
2024-03-20,0.03844
2024-03-21,0.038545
2024-03-22,0.038675
2024-03-25,0.03876
2024-03-26,0.038482
2024-03-27,0.037959
2024-03-28,0.037781
2024-04-01,0.03797
2024-04-02,0.038072
2024-04-03,0.037596
2024-04-04,0.037383
2024-04-05,0.0318
2024-04-08,0.030647
2024-04-09,0.031071
2024-04-10,0.031222
2024-04-11,0.031212
2024-04-12,0.031152
2024-04-15,0.031462
2024-04-16,0.030792
2024-04-17,0.030918
2024-04-18,0.030986
2024-04-19,0.032439
2024-04-22,0.030613
2024-04-23,0.030055
2024-04-24,0.029486
2024-04-25,0.029818
2024-04-26,0.02978
2024-04-29,0.029614
2024-04-30,0.028475
2024-05-01,0.028237
2024-05-02,0.028543
2024-05-03,0.028589
2024-05-06,0.028491
2024-05-07,0.028511
2024-05-08,0.02842
2024-05-09,0.028227
2024-05-10,0.02841
2024-05-13,0.028332
2024-05-14,0.028089
2024-05-15,0.028209
2024-05-16,0.027886
2024-05-17,0.027796
2024-05-20,0.02785
2024-05-21,0.027274
2024-05-22,0.027099
2024-05-23,0.030392
2024-05-24,0.030399
2024-05-28,0.030826
2024-05-29,0.031112
2024-05-30,0.031251
2024-05-31,0.031423
2024-06-03,0.030469
2024-06-04,0.02974
2024-06-05,0.029815
2024-06-06,0.030162
2024-06-07,0.029761
2024-06-10,0.072664
2024-06-11,0.07268
2024-06-12,0.072767
2024-06-13,0.029939
2024-06-14,0.02977
2024-06-17,0.029595
2024-06-18,0.029688
2024-06-20,0.030844
2024-06-21,0.031769
2024-06-24,0.032322
2024-06-25,0.032928
2024-06-26,0.033203
2024-06-27,0.033375
2024-06-28,0.033487
2024-07-01,0.034002
2024-07-02,0.034226
2024-07-03,0.034326
2024-07-05,0.034329
2024-07-08,0.034407
2024-07-09,0.031844
2024-07-10,0.031915
2024-07-11,0.03142
2024-07-12,0.031364
2024-07-15,0.03113
2024-07-16,0.030625
2024-07-17,0.030997
2024-07-18,0.032027
2024-07-19,0.031929
2024-07-22,0.031422
2024-07-23,0.031272
2024-07-24,0.031494
2024-07-25,0.033461
2024-07-26,0.033913
2024-07-29,0.033696
2024-07-30,0.034351
2024-07-31,0.038176
2024-08-01,0.040053
2024-08-02,0.04086
2024-08-05,0.050699
2024-08-06,0.051367
2024-08-07,0.05177
2024-08-08,0.052649
2024-08-09,0.052566
2024-08-12,0.052623
2024-08-13,0.05268
2024-08-14,0.052798
2024-08-15,0.052866
2024-08-16,0.052885
2024-08-19,0.052883
2024-08-20,0.05275
2024-08-21,0.052626
2024-08-22,0.052668
2024-08-23,0.052638
2024-08-26,0.052859
2024-08-27,0.052935
2024-08-28,0.052499
2024-08-29,0.052701
2024-08-30,0.052853
2024-09-03,0.053256
2024-09-04,0.05445
2024-09-05,0.054246
2024-09-06,0.053345
2024-09-09,0.053021
2024-09-10,0.053072
2024-09-11,0.053185
2024-09-12,0.05065
2024-09-13,0.049088
2024-09-16,0.047809
2024-09-17,0.036534
2024-09-18,0.035192
2024-09-19,0.034413
2024-09-20,0.032764
2024-09-23,0.032621
2024-09-24,0.032617
2024-09-25,0.03211
2024-09-26,0.032338
2024-09-27,0.032267
2024-09-30,0.032489
2024-10-01,0.032682
2024-10-02,0.032634
2024-10-03,0.032915
2024-10-04,0.032719
2024-10-07,0.032833
2024-10-08,0.032569
2024-10-09,0.032343
2024-10-10,0.032044
2024-10-11,0.030602
2024-10-14,0.030274
2024-10-15,0.030188
2024-10-16,0.028396
2024-10-17,0.028389
2024-10-18,0.027633
2024-10-21,0.027357
2024-10-22,0.026851
2024-10-23,0.025844
2024-10-24,0.025446
2024-10-25,0.0255
2024-10-28,0.02504
2024-10-29,0.024867
2024-10-30,0.024798
2024-10-31,0.024188
2024-11-01,0.024193
2024-11-04,0.024374
2024-11-05,0.023872
2024-11-06,0.02417
2024-11-07,0.023101
2024-11-08,0.022854
2024-11-11,0.022635
2024-11-12,0.022205
2024-11-13,0.021936
2024-11-14,0.021635
2024-11-15,0.021668
2024-11-18,0.02166
2024-11-19,0.021401
2024-11-20,0.021559
2024-11-21,0.024164
2024-11-22,0.024485
2024-11-25,0.024422
2024-11-26,0.023458
2024-11-27,0.023488
2024-11-29,0.02303
2024-12-02,0.023013
2024-12-03,0.022929
2024-12-04,0.023298
2024-12-05,0.022958
2024-12-06,0.02303
2024-12-09,0.023414
2024-12-10,0.024224
2024-12-11,0.024622
2024-12-12,0.024605
2024-12-13,0.024963
2024-12-16,0.024926
2024-12-17,0.025373
2024-12-18,0.026616
2024-12-19,0.026743
2024-12-20,0.027273
2024-12-23,0.027408
2024-12-24,0.027273
2024-12-26,0.027208
2024-12-27,0.027444
2024-12-30,0.027926
2024-12-31,0.027653
2025-01-02,0.027492
2025-01-03,0.027524
2025-01-06,0.027931
2025-01-07,0.026531
2025-01-08,0.02747
2025-01-10,0.02789
2025-01-13,0.028598
2025-01-14,0.02907
2025-01-15,0.029417
2025-01-16,0.029651
2025-01-17,0.02968
2025-01-21,0.029945
2025-01-22,0.03029
2025-01-23,0.03006
2025-01-24,0.029649
2025-01-27,0.03951
2025-01-28,0.041365
2025-01-29,0.041645
2025-01-30,0.042133
2025-01-31,0.042536
2025-02-03,0.042902
2025-02-04,0.042752
2025-02-05,0.04278
2025-02-06,0.042896
2025-02-07,0.043136
2025-02-10,0.043211
2025-02-11,0.043152
2025-02-12,0.042983
2025-02-13,0.043096
2025-02-14,0.043019
2025-02-18,0.042991
2025-02-19,0.042544
2025-02-20,0.042234
2025-02-21,0.042072
2025-02-24,0.042158
2025-02-25,0.041584
2025-02-26,0.041693
2025-02-27,0.042354
2025-02-28,0.042804
2025-03-03,0.043428
2025-03-04,0.044434
2025-03-05,0.044319
2025-03-06,0.044855
2025-03-07,0.045138
2025-03-10,0.037366
2025-03-11,0.036151
2025-03-12,0.036649
2025-03-13,0.036226
2025-03-14,0.035647
2025-03-17,0.034467
2025-03-18,0.034501
2025-03-19,0.034519
2025-03-20,0.034364
2025-03-21,0.034128
2025-03-24,0.034177
2025-03-25,0.034105
2025-03-26,0.034228
2025-03-27,0.034482
2025-03-28,0.034554
2025-03-31,0.036061
2025-04-01,0.035834
2025-04-02,0.036323
2025-04-03,0.03829
2025-04-04,0.039417
2025-04-07,0.044413
2025-04-08,0.047068
2025-04-09,0.048754
2025-04-10,0.05064
2025-04-11,0.05028
2025-04-14,0.050002
2025-04-15,0.049013
2025-04-16,0.051062
2025-04-17,0.050664
2025-04-21,0.050734
2025-04-22,0.050277
2025-04-23,0.050622
2025-04-24,0.049784
2025-04-25,0.049924
2025-04-28,0.049931
2025-04-29,0.049843
2025-04-30,0.05033
2025-05-01,0.050592
2025-05-02,0.050664
2025-05-05,0.050637
2025-05-06,0.050751
2025-05-07,0.050884
2025-05-08,0.05069
2025-05-09,0.050458
2025-05-12,0.051025
2025-05-13,0.050142
2025-05-14,0.050276
2025-05-15,0.049917
2025-05-16,0.04839
2025-05-19,0.047411
2025-05-20,0.042296
2025-05-21,0.039568
2025-05-22,0.036918
2025-05-23,0.033458
2025-05-27,0.033459
2025-05-28,0.032759
2025-05-29,0.03432
2025-05-30,0.031323
2025-06-02,0.031064
2025-06-03,0.030403
2025-06-04,0.030158
2025-06-05,0.028609
2025-06-06,0.028666
